"Country Name","Country Code","2000","2001","2002","2003","2004","2005","2006","2007","2008","2009","2010","2011","2012","2013","2014","2015","2016","2017","2018","2019","2020"
"Aruba","ABW",,,,,,,,,,,,,,,,,,,,,
"Africa Eastern and Southern","AFE","160566595","164874421","169434461","174179870","179042894","184020617","189069664","194197950","199562553","204490985","209623803","215433091","221669504","228702425","235595590","243340096","250968904","258789552","266483174","274560388","274187781"
"Afghanistan","AFG","5071019","5293409","5573459","5886907","6198356","6483459","6644361","6770367","6887819","7028234","7214374","7522643","7890946","8307846","8741749","9175691","9567277","9948660","10319153","10701549","10657912"
"Africa Western and Central","AFW","97260750","99673685","102079424","104719111","107488412","110356594","113200467","116186343","119103749","122061785","125069374","128284051","129135969","129983822","132637900","135687613","138758954","143551063","148828857","154240169","154278820"
"Angola","AGO","6712513","6936309","7167727","7418810","7682021","7959563","8244254","8546323","8866363","9209589","9560071","9909983","10270960","10647313","11035035","11438809","11848867","12269167","12705661","13155275","13292663"
"Albania","ALB","1343716","1319777","1313099","1300292","1286492","1271829","1260202","1247416","1234242","1226421","1225905","1371813","1314035","1232509","1243921","1302893","1328845","1344945","1400072","1422089","1402604"
"Andorra","AND",,,,,,,,,,,,,,,,,,,,,
"Arab World","ARB","82984964","84968599","87077995","90011599","92965158","96049825","99281128","103159221","106482605","110161820","114111293","117340731","120737899","124422691","126843720","129099365","131647054","133079186","134781005","137660445","135833282"
"United Arab Emirates","ARE","1760641","1896726","2048191","2245475","2534172","2943395","3493191","4187573","4946285","5654065","6220778","6473127","6576738","6583699","6572272","6600050","6612641","6676281","6753143","6834748","6820222"
"Argentina","ARG","16313902","16513808","16594404","16979408","17375101","17521275","17832502","17855172","17879074","18227890","18221948","18556925","18771887","18931350","19008308","19361189","19696125","20034606","20551683","20877041","19191447"
"Armenia","ARM","1206970","1208856","1209974","1210965","1213375","1218017","1220590","1225415","1223864","1246646","1304215","1335948","1345570","1355000","1342620","1329447","1304794","1298421","1245611","1240429","1175542"
"American Samoa","ASM",,,,,,,,,,,,,,,,,,,,,
"Antigua and Barbuda","ATG",,,,,,,,,,,,,,,,,,,,,
"Australia","AUS","9602703","9790081","9947266","10126698","10247721","10557898","10803049","10973608","11267088","11504024","11702117","11870766","12032034","12207656","12351106","12585538","12742051","12988276","13253656","13500080","13452598"
"Austria","AUT","3898783","3886722","3973195","3992074","3891161","4017551","4074735","4162536","4209811","4256958","4276701","4305238","4352268","4393921","4412726","4460834","4537417","4566592","4601213","4622075","4572356"
"Azerbaijan","AZE","4274824","4256140","4237050","4221419","4206542","4234446","4237901","4280870","4346613","4447271","4510643","4554332","4627324","4702401","4791070","4876105","4969576","5033711","5091129","5103475","4881649"
"Burundi","BDI","2661257","2734430","2821960","2921262","3028762","3141180","3253719","3373502","3497914","3623438","3748511","3860077","3972693","4085944","4201489","4350048","4503072","4660949","4822374","4987390","5134416"
"Belgium","BEL","4411179","4307487","4350326","4381417","4465025","4615968","4634578","4722508","4766246","4788011","4887584","4866906","4902501","4957130","4983423","5001378","5005317","5037594","5089752","5137174","5114000"
"Benin","BEN","2720342","2800060","2884089","2983550","3084716","3186577","3280107","3374162","3469969","3568062","3670264","3771850","3887511","4007402","4132579","4265258","4398456","4536724","4679151","4826125","4925314"
"Burkina Faso","BFA","4801029","4895790","4996384","5101631","5211769","5324920","5428596","5543650","5662495","5782783","5904582","6015191","6129357","6243978","6356670","6568635","6784055","7005173","7234180","7472712","7602668"
"Bangladesh","BGD","46396329","47594678","48822072","50053926","51262016","52426890","53403749","54334218","55251876","56177974","57130927","58198463","59278816","60365191","61481328","62591429","63705497","67462312","68844397","70160182","67225702"
"Bulgaria","BGR","3437093","3508326","3419146","3349557","3392066","3333191","3439496","3513312","3576886","3501419","3416246","3332677","3342114","3367629","3360446","3333925","3264392","3357463","3327434","3377388","3238899"
"Bahrain","BHR","305457","325875","349787","378707","413262","453363","501701","556598","614168","668265","714129","726938","739594","747277","758316","777886","817935","869479","927124","981661","1010054"
"Bahamas, The","BHS","157812","161449","165028","168458","171839","175315","179686","183847","187764","191562","195390","199130","203135","207174","211211","215085","219162","222764","226108","229479","221175"
"Bosnia and Herzegovina","BIH","1388671","1385363","1383872","1386539","1385362","1372768","1370139","1396445","1422427","1419351","1434405","1409640","1404455","1377994","1387330","1364102","1347152","1329020","1319663","1336172","1297577"
"Belarus","BLR","4804502","4840892","4874545","4906782","4936618","4964064","4980941","5006568","5035730","5065774","5090057","5097871","5103359","5106707","5106717","5106271","5106110","5097254","5087556","5005260","4909766"
"Belize","BLZ","89514","93649","97773","101941","106271","110816","114812","118888","123026","127218","131449","136108","140786","145524","151512","156863","164049","168355","173734","178991","172711"
"Bermuda","BMU",,,,,,,,,,,,,,,,,,,,,
"Bolivia","BOL","3710277","3817139","3926976","4039625","4154411","4271921","4389696","4420346","4541910","4641200","4740335","4836943","4744735","4875374","5124797","4925697","5079096","5292227","5631098","5758760","5431077"
"Brazil","BRA","78497705","80429452","82988108","84689861","87252301","89731925","90815967","91962421","93487964","95330511","95237854","95060189","97603864","98900705","99937531","101600920","102513774","104268846","105542221","107461083","99843130"
"Barbados","BRB","145088","146300","147363","148314","150518","151214","151716","152209","152578","152774","152546","153286","151737","154227","150322","152371","154881","155139","155330","155468","147470"
"Brunei Darussalam","BRN","157099","161019","164725","168676","172751","176834","179340","181974","184791","187882","191152","194891","198250","201354","204379","207468","209836","212578","219838","217006","217212"
"Bhutan","BTN","248856","257936","267638","277667","287728","297591","304865","311703","318301","325030","322201","320374","315286","325211","323964","348558","357654","366409","374905","383196","378371"
"Botswana","BWA","588730","608482","627324","645672","664432","684068","704214","735344","766681","796888","776253","843188","900419","950660","962483","978448","998929","1023248","1049399","1076493","1086713"
"Central African Republic","CAF","1497549","1527454","1558087","1590917","1622310","1655140","1684062","1713562","1741897","1765288","1784396","1789002","1787280","1792313","1791293","1794829","1815143","1841908","1874453","1910933","1922667"
"Canada","CAN","16190365","16458479","16943201","17343484","17552499","17697127","17912331","18276042","18576392","18712292","18918726","19061288","19250224","19475966","19560730","19678725","19888520","20166002","20349922","20743970","20457473"
"Central Europe and the Baltics","CEB","50811463","50666511","49228526","48929127","48882432","48859119","48935004","48853751","48972334","49037953","49253787","48969451","49230059","49288035","49601473","49520899","49443860","49834305","49723400","49627305","49189404"
"Switzerland","CHE","3998130","4055917","4094212","4141641","4149456","4173059","4237497","4308347","4410305","4480663","4449903","4539303","4597342","4655858","4742868","4813685","4889972","4919832","4953968","4965077","4959300"
"Channel Islands","CHI","72870","74110","75334","76047","76293","76547","76799","77253","78675","80084","80746","80484","80934","81370","81911","82667","83373","84218","85068","85883","85427"
"Chile","CHL","6283604","6316344","6385548","6571339","6782121","6980730","7198955","7410923","7730994","7845879","8032733","8315950","8423914","8556192","8714053","8861045","9000803","9208789","9391888","9514561","8860151"
"China","CHN","734745332","738908733","745095910","752357567","758741112","763719669","768097158","771363502","773625799","774904798","775372805","778344058","781065455","783402649","785158444","786338801","786996409","787183156","785986113","783981188","770950792"
"Cote d'Ivoire","CIV","6044602","6115839","6181555","6243371","6307018","6375397","6453206","6539486","6634610","6735766","6842720","6958690","7080482","7207321","7341136","7480189","7616769","7603548","7822369","8047578","8148084"
"Cameroon","CMR","7014331","7213220","7419593","7633629","7856898","8092420","8325463","8570761","8633270","8677072","8703896","8963939","9232295","9509728","9797047","10091535","10391578","10703283","11023222","11351501","11483970"
"Congo, Dem. Rep.","COD","18365477","18870813","19416060","19998580","20615032","21267591","21595163","21946024","22311502","22679412","23054964","23377698","23708507","24480524","25282844","26129038","26995846","27896292","28829039","29801894","29797897"
"Congo, Rep.","COG","1233186","1272463","1312810","1356522","1402208","1450437","1503621","1562597","1621514","1679733","1735839","1783088","1827735","1871326","1913962","1960413","2013011","2068039","2124150","2182726","2150245"
"Colombia","COL","18122165","18562289","18959988","19518085","19513046","19705003","19817287","19931023","20484028","21750089","22438334","23074243","23782561","24040660","24476296","25054594","25430737","25865153","26235986","26413532","24802460"
"Comoros","COM","127464","131154","135019","139053","143246","148404","153634","159138","164923","170968","177285","183683","190310","197200","204264","210574","216518","222593","228821","235265","234861"
"Cabo Verde","CPV","144162","148535","152779","157034","161553","166409","172045","177943","183996","189857","195403","200937","206242","211240","215941","220358","224648","228841","233492","237728","228079"
"Costa Rica","CRI","1623241","1731137","1767945","1816458","1829125","1942026","1977704","2049810","2083033","2106451","2107936","2123460","2294368","2316937","2343178","2338014","2273159","2336895","2445741","2568229","2444872"
"Caribbean small states","CSS","2726010","2751724","2777769","2816346","2861919","2904465","2940179","2972655","3005989","3031901","3054814","3080854","3121919","3188114","3226313","3265339","3326848","3374275","3387807","3430570","3294823"
"Cuba","CUB","4507285","4537664","4581107","4633928","4682834","4776193","4850504","4950116","4997792","5104995","5077914","5087845","5095726","5102955","5108177","5113577","5107450","5105337","5103449","5092603","4790239"
"Curacao","CUW",,,,,,,,,,,,,,,,,,,,,
"Cayman Islands","CYM",,,,,,,,,,,,,,,,,,,,,
"Cyprus","CYP","445198","465308","475452","494580","509225","518120","531573","546788","557577","570827","585706","585576","589090","593733","604638","604274","603102","611106","625731","636733","639279"
"Czech Republic","CZE","5153680","5132081","5134022","5128047","5125016","5180625","5186263","5186065","5205457","5249468","5241405","5233081","5269982","5323134","5324487","5337247","5388300","5419903","5452943","5441332","5378192"
"Germany","DEU","40251177","40334537","40451099","40653163","40559921","41254074","41601159","41884471","41889046","41946316","42005791","41658239","41734548","42104556","42318972","42590797","43058646","43288289","43562285","43871267","43382544"
"Djibouti","DJI","263318","269827","276102","282217","288446","295021","304042","313623","323636","334179","344546","352423","360337","368181","375942","383866","391159","399070","406886","414572","412419"
"Dominica","DMA",,,,,,,,,,,,,,,,,,,,,
"Denmark","DNK","2863243","2854693","2890687","2870525","2898501","2900793","2931398","2930831","2922413","2910409","2890450","2886698","2871547","2850268","2863193","2888656","2933273","2960274","2982472","3023904","3022416"
"Dominican Republic","DOM","3282359","3286981","3384928","3388368","3452459","3509453","3656408","3705721","3803887","3733574","3907278","4089236","4215759","4307344","4399404","4663526","4763944","4838894","5029428","5199103","4858960"
"Algeria","DZA","8879547","9106753","9327492","9544296","9764162","9985162","10196157","10401603","10600179","10801299","11074291","11295172","11532688","12003273","11584915","11878705","12178728","12464041","12589364","12716548","12231916"
"East Asia & Pacific (excluding high income)","EAP","999142950","1007060796","1016021434","1026762971","1038022355","1045921532","1055159655","1067148341","1074818158","1081289663","1087143537","1097040159","1105036770","1110378267","1116524809","1121244782","1124667724","1128062840","1133338707","1136038233","1118141933"
"Early-demographic dividend","EAR","938068888","959372735","980040821","1003089357","1028739705","1051153689","1067261897","1086849456","1102126480","1119122295","1136513262","1152239063","1169172574","1186904619","1203767120","1223197147","1241693166","1261556957","1280576021","1303998842","1254222326"
"East Asia & Pacific","EAS","1117391923","1126061113","1135445641","1146391794","1158246678","1166912765","1177102851","1190313758","1198771570","1205496357","1211911670","1222104341","1230647430","1237108333","1244646048","1250496358","1255056747","1259622641","1266543438","1270329788","1251858469"
"Europe & Central Asia (excluding high income)","ECA","177118351","175765417","175991750","175679845","176559646","177605718","178413565","180120817","181698516","182813341","184481007","186183410","186724455","187931930","188526829","189798200","190672140","191307302","191671868","191109210","187017424"
"Europe & Central Asia","ECS","396929925","396169009","398668317","400808243","403473363","407327785","410059603","413759837","417727568","419819243","422201850","423856794","426085388","428270503","429924500","432098585","434548470","436303884","437925603","438202649","431799989"
"Ecuador","ECU","5568322","5667595","5767431","5867129","6213934","6302127","6573773","6583445","6747270","6705188","6740235","6803757","7012137","7088862","7213264","7645865","8042980","8305502","8364869","8519410","8019239"
"Egypt, Arab Rep.","EGY","20044646","20381473","20753253","21603079","22456961","23292693","24087580","25205775","25686128","26585411","27411903","27825941","28583735","29411208","29972669","29541108","29893554","29628637","29275347","29776956","29077255"
"Euro area","EMU","148030864","148413685","150461753","152610604","154056671","155919606","157382571","158962127","160470070","160882571","161206490","160775313","161795864","162224947","162524852","162931522","163874582","164533486","165354109","165829851","163618490"
"Eritrea","ERI","980453","1036397","1101416","1172275","1242803","1308803","1355748","1396561","1433231","1462275","1487332","1500951","1511428","1521072","1522608","1532016","1551735","1571983","1589292","1612622","1545718"
"Spain","ESP","18277071","18211898","19062141","19838783","20512253","21285000","21903811","22460014","23072041","23335479","23534138","23571937","23582846","23385043","23181794","23116192","23102718","23046661","23065836","23227683","22799921"
"Estonia","EST","679299","669081","654709","677787","678243","673799","693457","692000","697853","690538","683977","687756","684569","680794","675991","686206","695233","703706","705794","703864","699106"
"Ethiopia","ETH","28473853","29396180","30377525","31405537","32463726","33556131","34549769","35597467","36712011","37911097","39198184","40615913","42103427","43655861","45168516","46716415","48237012","49794755","51400750","53021347","52799277"
"European Union","EUU","199221773","199489847","200152838","201934523","203399185","205366120","206994780","208541072","210177720","210704338","211315739","210705048","211995124","212558044","213228665","213612399","214556974","215697847","216489625","217001640","214415439"
"Fragile and conflict affected situations","FCS","213354173","218560485","223896204","229596549","235470202","241477844","246810464","252171819","257654293","263107776","269016105","275580264","279825571","284871698","291616876","298769511","304937593","312683053","321757679","330025718","326924297"
"Finland","FIN","2586118","2608246","2623353","2620803","2611527","2627895","2661292","2690708","2718910","2689527","2679149","2692288","2698827","2684110","2687528","2695567","2688740","2709253","2742645","2748960","2765434"
"Fiji","FJI","302283","307486","311836","315832","320180","325147","333805","343776","354505","365216","375131","382757","376484","369237","361559","358246","356405","357468","359388","362136","357260"
"France","FRA","27360311","27428362","27764307","28324478","28503488","28785772","28940311","29187473","29400557","29646366","29744934","29747010","29982661","30128150","30070800","30155958","30220666","30287563","30438691","30385859","30033626"
"Faroe Islands","FRO",,,,,,,,,,,,,,,,,,,,,
"Micronesia, Fed. Sts.","FSM",,,,,,,,,,,,,,,,,,,,,
"Gabon","GAB","340607","350922","362420","374359","387788","402151","419293","436497","457285","479447","502500","525361","551213","578951","607823","636636","659785","681864","702664","721991","726653"
"United Kingdom","GBR","29296965","29262079","29590990","29872352","30149293","30597414","31044498","31253081","31667267","31852655","32039432","32227412","32582928","32899156","33196454","33483035","33799601","34011299","34331422","34639274","34738347"
"Georgia","GEO","2048942","2105452","2033008","2075506","2036509","2026193","2030337","2034084","2040530","2032801","2060426","2070938","2080962","2053726","2072575","2090770","2060003","2002172","1922142","1892372","1892477"
"Ghana","GHA","8292043","8466936","8656006","8855226","9063223","9278696","9502691","9760132","10023234","10287371","10550764","10786972","11020771","11250603","11480139","11708360","12007122","12304194","12611143","12919340","12934257"
"Gibraltar","GIB",,,,,,,,,,,,,,,,,,,,,
"Guinea","GIN","2825616","2874696","2920892","2970436","3022511","3078722","3147475","3217619","3293950","3376457","3456143","3538281","3623092","3713575","3810623","3915432","4029340","4153767","4290406","4433672","4456144"
"Gambia, The","GMB","407093","420397","434640","449881","466111","483279","499962","517634","536280","555906","576716","596906","618334","639157","661577","683895","706593","729642","753285","777591","775068"
"Guinea-Bissau","GNB","474097","485668","498245","511635","525597","540215","554756","570000","586087","602956","620595","637997","657184","676792","697013","717283","737381","757877","779105","800827","792581"
"Equatorial Guinea","GNQ","212734","222271","233066","245246","258737","273505","287291","302777","319981","338707","358577","375149","393137","412680","433715","455687","471729","489286","508608","529668","539283"
"Greece","GRC","4897352","4840121","4895009","4944448","5035461","5033989","5049127","5027123","5014236","5045727","5044713","4984694","4944293","4894410","4839324","4825164","4822179","4812802","4804069","4822612","4751026"
"Grenada","GRD",,,,,,,,,,,,,,,,,,,,,
"Greenland","GRL",,,,,,,,,,,,,,,,,,,,,
"Guatemala","GTM","4049896","4178948","4304559","4427079","4556541","4669990","4789180","4916731","5048980","5182354","5313966","5455904","6048464","5761601","5969910","6098206","6307693","6499051","6690059","6879134","6410911"
"Guam","GUM","74576","74871","75038","75167","75010","75017","75390","75583","75779","76061","76245","76579","76796","77075","77449","78015","78690","79524","80464","81292","80332"
"Guyana","GUY","275214","271865","268156","267518","267023","266831","269669","272577","275583","278775","282086","285076","288358","291845","295168","298280","301107","303980","306673","309040","291832"
"High income","HIC","524576047","527761511","532406100","537014166","541792600","548696878","555200577","561815275","569006007","572193581","575335400","577474922","583059305","586819405","591407572","595888012","601720335","606801395","611773849","616748753","610637856"
"Hong Kong SAR, China","HKG","3395033","3442592","3499049","3491619","3534627","3555654","3598122","3653858","3666619","3685255","3659197","3725098","3808817","3882599","3901539","3936097","3951392","3961426","3961533","3940634","3807825"
"Honduras","HND","2483269","2523585","2597178","2673868","2751575","2829198","2852113","2898688","3027426","3178787","3340843","3329667","3382395","3710175","3908150","4020714","4109456","4273421","4499901","4627392","4122919"
"Heavily indebted poor countries (HIPC)","HPC","185827636","191039552","196655420","202542978","208652821","214886520","220479738","226079485","231876600","237882410","244123482","250544675","256967973","264599679","272302968","280340382","289164006","298207435","308021762","317805074","318933104"
"Croatia","HRV","1981995","1898934","1872650","1884546","1935313","1935922","1921755","1936709","1941209","1937468","1913390","1875738","1855060","1834112","1885233","1887425","1828470","1821332","1794835","1788035","1775337"
"Haiti","HTI","3200328","3285928","3375155","3468179","3564196","3663181","3761160","3861178","3962670","4066987","4171083","4278357","4387294","4497080","4607433","4716759","4826160","4935064","5044201","5152876","4972457"
"Hungary","HUN","4160523","4147526","4150352","4221846","4202009","4273721","4304768","4287505","4259063","4258401","4299585","4316650","4369588","4403114","4527225","4617150","4685874","4714433","4732212","4750636","4732423"
"IBRD only","IBD","1842275917","1865129153","1891275396","1919908459","1951758505","1979772384","1998934919","2021280541","2038388835","2056179996","2069689561","2086288897","2104785012","2121977860","2137162574","2153784954","2168622606","2182985282","2196721681","2213429798","2143656743"
"IDA & IBRD total","IBT","2245830155","2279142975","2315800370","2355762969","2399112682","2438131016","2468060349","2501704413","2530417308","2560407780","2586932092","2616158813","2645109985","2673690970","2701805171","2733727864","2762591037","2795185614","2826367028","2860338827","2784201245"
"IDA total","IDA","403554238","414013822","424524974","435854510","447354177","458358632","469125430","480423872","492028473","504227785","517242530","529869917","540324973","551713110","564642597","579942910","593968431","612200331","629645347","646909029","640544502"
"IDA blend","IDB","123257972","126182683","129171992","132831248","136555665","139543893","143015134","147007945","150939868","155444881","160115564","164702198","167363637","170077194","174040486","179394579","183179936","188591323","194120006","200122088","197403098"
"Indonesia","IDN","98570552","98977592","98795437","99698352","101661440","101406835","103518192","108975289","111341189","113074389","115646091","117856119","120696619","121497604","123120470","124657269","125958781","129204841","132587588","135802879","134616083"
"IDA only","IDX","280296266","287831139","295352982","303023263","310798511","318814739","326110296","333415927","341088605","348782904","357126967","365167719","372961335","381635916","390602111","400548332","410788495","423609009","435525341","446786941","443141405"
"Isle of Man","IMN",,,,,,,,,,,,,,,,,,,,,
"India","IND","396836569","406722321","416990135","427513796","438149349","449085795","451850201","454681299","457434579","460259988","462951194","463753497","464760493","469135490","473313171","477296180","481187327","484539161","487631036","494732703","471688990"
"Not classified","INX",,,,,,,,,,,,,,,,,,,,,
"Ireland","IRL","1868665","1906350","1951540","1996514","2046543","2161417","2244396","2327581","2348537","2309811","2273937","2252958","2245011","2263744","2267426","2283088","2321777","2344215","2385518","2429748","2427093"
"Iran, Islamic Rep.","IRN","19158636","20095759","21089194","22126722","23170990","24209910","24201525","24164868","23406695","24064901","24035523","24155493","24266673","24357612","24418459","25357014","26558433","27421048","27769359","28212245","26813322"
"Iraq","IRQ","5684367","5868160","6060126","6251655","6434563","6604400","6728910","6836817","6954044","7098054","7283181","7599635","7963675","8511018","9083658","9492501","9814443","9803744","10163569","10469143","10356947"
"Iceland","ISL","169243","171628","171169","172114","173092","174967","181720","187329","189969","187696","188670","187884","189218","193193","198705","203037","208267","210572","212896","215408","215798"
"Israel","ISR","2768157","2834925","2860781","2931500","3010834","3085530","3170975","3261728","3326750","3411485","3495104","3543276","3642686","3715106","3806531","3876859","3956081","4025082","4102566","4159779","4136200"
"Italy","ITA","23280458","23403759","23665701","23976861","24515472","24356055","24395026","24378950","24708566","24506451","24462579","24477992","25033693","25171796","25569875","25540323","25812534","25985393","26032169","25787158","25080671"
"Jamaica","JAM","1205204","1210490","1215418","1219820","1230099","1239066","1250652","1261561","1272796","1284589","1297003","1309761","1322325","1363025","1378857","1402305","1445342","1477030","1473383","1502858","1457011"
"Jordan","JOR","1299796","1327778","1346874","1361866","1404997","1455960","1507627","1630985","1702117","1828703","1897304","1975965","2049550","2112264","2224664","2330983","2426998","2511178","2585020","2649637","2595850"
"Japan","JPN","67653961","67599932","67173004","67063142","66721958","66732911","66797644","67140152","67097473","66913176","66668692","66039729","65639410","65967826","66176723","66364638","66854062","67285071","68355056","68838956","68680759"
"Kazakhstan","KAZ","7698699","7690521","7714111","7762577","7806603","7952005","8084175","8229094","8439503","8573098","8721578","8808571","8893426","8972219","9061237","9115881","9071276","9004270","9034737","9060001","8778458"
"Kenya","KEN","12432852","12617406","12814411","13014342","13195477","13349642","14010035","14679131","15357746","16061294","16792532","17540854","18329694","19148834","19993854","20855982","21750070","22401775","23055882","23733381","23738918"
"Kyrgyz Republic","KGZ","2058397","2085585","2136666","2174785","2218737","2311548","2381437","2396237","2404556","2411079","2447308","2489034","2496363","2476191","2507775","2545405","2548381","2530554","2526202","2565016","2440848"
"Cambodia","KHM","5594590","6182973","6353558","6474784","6547314","6765453","6996532","7223829","7457315","7689326","8133016","8375986","8326168","8238536","8401087","8528092","8909178","9049870","9185183","9319219","9163843"
"Kiribati","KIR",,,,,,,,,,,,,,,,,,,,,
"St. Kitts and Nevis","KNA",,,,,,,,,,,,,,,,,,,,,
"Korea, Rep.","KOR","22819686","23201687","23654992","23677189","24165776","24304626","24542632","24794644","24941044","24932116","25273507","25696124","26094698","26415473","27165844","27578100","27823200","28136436","28303251","28541664","28348936"
"Kuwait","KWT","987253","1017637","1040663","1054132","1082118","1125104","1183553","1258861","1352229","1469656","1592229","1705590","1827785","1957568","2081461","2192963","2265866","2336844","2386269","2428518","2386040"
"Latin America & Caribbean (excluding high income)","LAC","201644808","206267301","211275994","216160486","222060703","227108021","231841514","235660528","239852350","245301311","247795879","250526629","257338159","260693054","263845795","268557473","272709635","278105771","283472584","289253731","268411179"
"Lao PDR","LAO","2414132","2469865","2524389","2580268","2640333","2705639","2780686","2858940","2939341","3020625","3101310","3182452","3265353","3347537","3427246","3503719","3577630","3649336","3719770","3793016","3828776"
"Lebanon","LBN","1223596","1278604","1350220","1428564","1496085","1556549","1597997","1624066","1633407","1657121","1710047","1799653","1912060","2028256","2133652","2221024","2296526","2348425","2387681","2423712","2317840"
"Liberia","LBR","1214643","1258614","1288813","1318323","1344968","1380975","1428638","1485514","1548792","1613132","1674747","1730592","1783843","1835505","1889342","1944683","2049004","2106229","2165330","2226993","2193679"
"Libya","LBY","1585613","1640444","1700448","1763839","1828344","1892694","1949290","2003851","2054224","2101430","2144240","2174527","2198559","2219438","2238978","2260370","2296531","2337204","2380697","2422944","2389259"
"St. Lucia","LCA","67714","69288","71447","73718","76137","78746","81654","84509","87225","89729","91956","94269","96421","98464","100449","102376","104131","105887","108503","108318","104559"
"Latin America & Caribbean","LCN","221909950","226924586","232204302","237501808","244049704","249695861","255083684","259297625","264022573","269770252","272634059","275853479","282914652","286629457","290085267","294959089","299015684","304279438","309379815","314694254","292097558"
"Least developed countries: UN classification","LDC","259661055","266902543","274083068","281439243","288932224","296640681","303608527","310563187","317737516","325165640","333048424","340947872","348654027","357052408","365831014","375677154","385801097","398600655","410147465","421024464","418153728"
"Low income","LIC","150190927","154345352","158733126","163321421","168039955","172866711","177244475","181820785","186649939","191428880","196571362","201624852","206658866","212261480","217900618","224321342","230958354","237825088","245021734","252468654","253033686"
"Liechtenstein","LIE",,,,,,,,,,,,,,,,,,,,,
"Sri Lanka","LKA","7828791","7910071","7989202","8064863","8134560","8198712","8249253","8295378","8336284","8371081","8261381","8271509","8169734","8462300","8412181","8640062","8795093","8926926","8696194","8704381","8552779"
"Lower middle income","LMC","940507660","960675474","980714042","1003284866","1027193865","1048731465","1063543259","1082368335","1096861536","1113667762","1130600546","1145102094","1157221240","1172870048","1188341243","1205325625","1221630239","1240996673","1259994887","1283563536","1245533221"
"Low & middle income","LMY","2227088278","2259993211","2296809113","2336690700","2379578289","2418014424","2447752073","2481258139","2509376722","2539079148","2565196023","2594100386","2622852037","2651200361","2678982621","2711013122","2740089982","2772913475","2804563710","2839228569","2764401785"
"Lesotho","LSO","897608","899058","896563","891857","887262","884080","880433","879597","880835","883263","886433","890715","896165","902728","915277","927924","938333","950644","962776","974540","967513"
"Late-demographic dividend","LTE","1106578204","1114403919","1125729375","1137760089","1150341530","1162050634","1171100772","1180500030","1189251650","1197375440","1201534467","1209405281","1217973892","1223983765","1229039400","1234292827","1237144205","1240588448","1242529963","1242745800","1215720915"
"Lithuania","LTU","1682305","1643848","1628825","1683889","1594160","1553512","1511924","1511458","1512452","1522349","1503719","1495237","1484453","1473060","1481195","1470210","1482426","1469058","1472733","1469927","1465235"
"Luxembourg","LUX","188742","189068","194909","194848","201402","207437","213169","215991","220430","234340","237895","243402","255169","263156","273714","282741","283578","293663","302757","313152","320185"
"Latvia","LVA","1090054","1090797","1115239","1096818","1098325","1093750","1119719","1135964","1150453","1106548","1063015","1035943","1041140","1020645","1006084","1008427","1006975","1003671","1000161","983777","982531"
"Macao SAR, China","MAC","215686","225544","227501","231079","243988","258009","274859","295073","309294","320760","331690","342541","349827","359099","370803","376713","377729","380033","383791","384360","394521"
"St. Martin (French part)","MAF",,,,,,,,,,,,,,,,,,,,,
"Morocco","MAR","9633182","9840851","9979827","10269865","10499891","10654363","10781751","10952163","11106215","11315947","11518919","11722318","11761742","11856989","11840044","11815638","11780447","11742460","11914871","12084530","11523035"
"Monaco","MCO",,,,,,,,,,,,,,,,,,,,,
"Moldova","MDA","1205154","1193492","1179498","1171288","1162910","1139254","1109921","1080264","1049141","1017232","996877","1013472","978306","996525","993101","1052863","1009773","982034","880485","929853","872610"
"Madagascar","MDG","7491550","7725950","7979405","8237010","8506277","8782565","9136181","9494919","9863418","10244689","10637892","10957663","11286697","11611877","11931236","12238652","12619476","13009244","13408239","13818212","13850442"
"Maldives","MDV","90255","95154","100776","106957","113403","119919","125967","132164","138887","146640","159676","175306","192852","212000","232100","244280","254831","270802","285624","297757","294396"
"Middle East & North Africa","MEA","94029832","96758032","99604700","103352531","107125417","111024448","114074681","117756193","120129894","124278569","127987338","131062762","134313449","137756127","139895929","142713289","146083638","147970904","149585663","152425651","149109265"
"Mexico","MEX","38989194","39451526","39990359","41048907","42274652","43772747","45215867","46262334","47054559","48003205","48835133","49848252","51365736","52135926","52543348","53579106","54395105","55135552","56255842","57839046","53978977"
"Marshall Islands","MHL",,,,,,,,,,,,,,,,,,,,,
"Middle income","MIC","2076897351","2105647860","2138075987","2173369278","2211538334","2245147712","2270507598","2299437354","2322726783","2347650268","2368624662","2392475534","2416193171","2438938882","2461082002","2486691780","2509131628","2535088387","2559541976","2586759915","2511368098"
"North Macedonia","MKD","836699","847757","857671","870823","878552","886597","893490","907896","924517","936707","945688","948175","946061","959326","964038","960044","952052","957087","959881","966408","897070"
"Mali","MLI","4076718","4194411","4327021","4464959","4615144","4771757","4923686","5086980","5257009","5430321","5606099","5765383","5932946","6104253","6280110","6450272","6587696","6729926","6949225","7179722","7384320"
"Malta","MLT","156006","159292","160246","161252","158489","160881","163303","167380","169728","172299","176149","180330","186736","194975","202533","208235","215527","223541","236718","249860","261997"
"Myanmar","MMR","22871644","23079228","23255094","23383079","23485943","23564746","23600716","23641930","23705068","23772453","23864816","24088506","24299028","24503849","24711693","24926254","24612921","24285867","24691818","24188088","22951469"
"Middle East & North Africa (excluding high income)","MNA","80568511","82792716","85087363","88107056","90991049","93812455","95580322","97755357","98541272","101082622","103090443","104771169","106631041","108862604","109899932","111568694","114119849","115386443","116483299","118579057","115214239"
"Montenegro","MNE","234186","234944","235803","236748","237054","237459","238296","239453","240882","241537","242460","242930","249988","250767","262644","268037","271031","271388","277006","282668","271834"
"Mongolia","MNG","941722","965583","990440","1015380","1037913","1062964","1086567","1108268","1130507","1153169","1171508","1210128","1215683","1243098","1268990","1287070","1278748","1306766","1334951","1405185","1422476"
"Northern Mariana Islands","MNP",,,,,,,,,,,,,,,,,,,,,
"Mozambique","MOZ","8385476","8617791","8858967","9105918","9320340","9537650","9720446","9912594","10113187","10317479","10525096","10733467","10945404","11161628","11389892","11628996","11990198","12372018","12771958","13188550","13310127"
"Mauritania","MRT","749317","765126","782328","800445","819340","838788","857863","878657","900121","922747","946003","969237","993590","1025110","1057649","1091207","1123925","1157889","1196744","1234266","1249658"
"Mauritius","MUS","519719","525758","529542","532242","534583","544373","547146","545323","551787","557209","569301","566492","573745","588465","595863","603775","600960","608121","605789","606150","593317"
"Malawi","MWI","4682846","4778674","4880936","4991329","5110448","5239920","5382255","5533340","5693567","5865211","6049906","6241754","6451308","6674000","6887340","7106034","7333108","7562261","7798329","8040477","8205369"
"Malaysia","MYS","9538842","9801296","10062825","10339409","10623366","10923974","11178607","11444489","11635135","11983964","12267636","12826886","13338673","13944247","14286287","14617015","14858273","15154996","15523126","15780716","15904215"
"North America","NAC","162928777","164159095","165480542","166493439","167764078","169766749","171838713","173493756","175595349","175831329","175827419","176050027","177920063","178262411","179145820","180334857","182506980","184492554","185901305","188073037","185620978"
"Namibia","NAM","571215","587796","604638","621894","639606","657741","678892","699616","720204","741195","762913","782546","803615","860802","875287","885843","897023","904577","911484","934580","942826"
"New Caledonia","NCL","100608","102555","104650","106617","108494","110438","112998","115466","117962","120146","122309","124060","126138","128332","130477","130919","131335","131875","132445","132975","132164"
"Niger","NER","4642112","4793833","4958185","5133767","5319077","5508727","5688662","5883042","6088949","6312765","6547945","6788470","6861470","6917202","6948519","7225638","7502896","7799069","8108892","8435887","8749634"
"Nigeria","NGA","41439754","42444294","43376700","44463288","45568178","46768185","47945348","49185874","50482323","51791905","53143752","54535983","53686203","52794910","53696560","54557234","55285972","57856159","60517054","63226720","62242961"
"Nicaragua","NIC","1888621","1946511","2002396","2057741","2112916","2168591","2226978","2295746","2365115","2433951","2501796","2571029","2640117","2708605","2775820","2834683","2894845","2953738","3007338","3060596","3028201"
"Netherlands","NLD","8159405","8307658","8443411","8481867","8539309","8387242","8433281","8607164","8767595","8853313","8829489","8849590","8961065","8987420","8966340","9034853","9051471","9110882","9228664","9374012","9387604"
"Norway","NOR","2405139","2416453","2438371","2408488","2422629","2431748","2466274","2523507","2599068","2598938","2607569","2626211","2671168","2697989","2722790","2762116","2769635","2763116","2799958","2829759","2836708"
"Nepal","NPL","12125243","12350233","12573402","12791483","13005417","13213346","13474859","13718575","13936978","14147576","14324201","14401994","14457641","14518876","14615903","14769171","15150252","15596270","16094061","16612859","16017418"
"Nauru","NRU",,,,,,,,,,,,,,,,,,,,,
"New Zealand","NZL","1928976","1966107","2027956","2065767","2121367","2178496","2230155","2265541","2286669","2302464","2324737","2353326","2362367","2393523","2468222","2520970","2620842","2708657","2756619","2787494","2848217"
"OECD members","OED","571448604","575346154","580573626","585893580","590698242","598534950","604949990","611287907","618681325","623226413","627065539","630329728","637175924","641679198","646705627","652599497","659795757","666625153","673583558","680138107","667773706"
"Oman","OMN","786265","801576","828911","865690","903576","946866","1008261","1080038","1166137","1272484","1402178","1562423","1751255","1955980","2159713","2349278","2483034","2567370","2590634","2680161","2678187"
"Other small states","OSS","8049090","8234843","8410189","8650537","8889635","9177008","9552332","9964815","10418396","10863071","11254628","11616651","11987275","12402323","12743046","13099240","13398783","13725301","14061617","14393810","14434051"
"Pakistan","PAK","42189251","43335073","44602003","46385761","48262402","49363774","50433633","51945098","53495401","55582917","57628027","59218092","61250372","63321345","64831369","67750893","69174844","70599963","72039851","73855153","72334842"
"Panama","PAN","1297258","1334332","1372895","1412120","1455626","1495523","1508686","1554943","1627029","1635462","1639800","1641807","1727014","1787725","1813498","1858188","1910908","1937211","2029890","2092546","1985726"
"Peru","PER","11692073","12499022","13077927","13429469","13975001","13759131","14527741","15183486","15399987","15692704","16046725","16167033","16369958","16498668","16586669","16615223","17008002","17847718","18411999","18920065","16181966"
"Philippines","PHL","29997563","30709971","31395613","31892849","32728949","33627928","34562187","35435880","36364918","37591310","38574079","39896838","40486054","41186690","42520248","43017633","43917347","43008404","43868087","45122827","43719193"
"Palau","PLW",,,,,,,,,,,,,,,,,,,,,
"Papua New Guinea","PNG","2535850","2521825","2502095","2476525","2446620","2412805","2375658","2334501","2287923","2235477","2177180","2236420","2289075","2344651","2377921","2420754","2476429","2534828","2606723","2661625","2710350"
"Poland","POL","17320798","17574130","17378966","17299224","17266918","17529693","17325512","17329146","17563323","17831377","18036276","18103432","18227655","18269724","18388510","18315209","18378290","18444328","18390676","18318734","18204932"
"Pre-demographic dividend","PRE","203048194","208431187","214110711","220197575","226480292","232916338","239300008","245732953","252210673","258891500","265816399","273157932","278395350","284452750","292473635","301145013","310008877","320188190","331373990","342860674","344298295"
"Puerto Rico","PRI","1349980","1366497","1381424","1388208","1389152","1404091","1411470","1387519","1356507","1336418","1317697","1287965","1257549","1227653","1191204","1153329","1136013","1111207","1067067","1064401","1020928"
"Korea, Dem. People's Rep.","PRK","13991192","14131181","14268829","14401242","14536309","14672653","14805511","14951007","15091389","15244412","15390621","15541985","15676672","15806565","15937833","16081925","16191351","16330630","16471502","16567356","16371651"
"Portugal","PRT","5252469","5358185","5444628","5469569","5451962","5505954","5532331","5553304","5547731","5492080","5489663","5431231","5388428","5296912","5240929","5216570","5203952","5248383","5267812","5288733","5190690"
"Paraguay","PRY","2281459","2346261","2413809","2443589","2634760","2662793","2640529","2745504","2804498","2916826","2892081","2964089","3164913","3187573","3175765","3240373","3337985","3406585","3534862","3625051","3562864"
"West Bank and Gaza","PSE","622277","584407","591293","658665","671885","702777","727526","777108","793162","824064","862798","923030","962609","997690","1038963","1120656","1150558","1189979","1214011","1275969","1266283"
"Pacific island small states","PSS","659403","675034","689583","702354","715597","729287","746814","765302","784726","806112","825408","841694","845946","849354","852321","859536","868897","881729","896145","912173","917188"
"Post-demographic dividend","PST","503949485","505744447","509612753","513040497","516427667","521429434","526335995","531002561","535883859","537110188","537941853","538124802","541716742","544165628","546660815","549756988","554148096","558171907","562150250","565986520","559540047"
"French Polynesia","PYF","96567","98508","100542","102394","104078","105565","107038","108276","109790","111145","112325","113514","114654","115488","116016","116216","116833","117081","117144","117304","115859"
"Qatar","QAT","339025","357458","377999","409959","460790","543756","674467","843580","1033286","1227577","1413346","1536256","1651719","1758740","1859066","1952289","2004466","2046232","2085153","2124262","2146738"
"Romania","ROU","11759446","11398822","10266955","9965958","9905676","9603716","9752730","9570877","9347339","9224754","9368823","9179951","9226931","9184433","9210744","9114394","8951574","9109297","9055051","9016354","8967558"
"Russian Federation","RUS","73312711","72007908","72965302","72845411","73570474","74140576","74432744","75462934","76004240","76014194","75880788","76029233","75820113","75450405","75248203","75016901","74937520","74182813","73825997","72674670","71903592"
"Rwanda","RWA","3782154","3933742","4045336","4135563","4224948","4325676","4440289","4563108","4691967","4824224","4958770","5089202","5226213","5368369","5512954","5668121","5836813","6008207","6179087","6354567","6296625"
"South Asia","SAS","510786313","523558876","536918687","551081360","565413230","579189486","584486887","590188803","595800124","602039440","607991981","611861877","616316140","624648260","631951765","640816264","648192776","657710503","664285220","675447781","647150409"
"Saudi Arabia","SAU","6358516","6571827","6850760","7198758","7571126","7953098","8298908","8645078","8980039","9320115","9882982","10563652","11305894","11980178","12556105","13187034","13608239","13839632","14020758","14387604","14455587"
"Sudan","SDN","7835718","8025488","8225270","8429752","8636671","8840518","9018260","9189453","9360821","9539898","9730104","9953715","10198529","10475766","10772723","11075686","11384737","11707530","12061094","12434007","12385724"
"Senegal","SEN","2787758","2856190","2932757","3007439","3086417","3168694","3257568","3311140","3364691","3419520","3474415","3529083","3584979","3643787","3702754","3762682","3878095","3996433","4122266","4252308","4255422"
"Singapore","SGP","2161331","2229754","2228266","2202865","2238476","2317666","2432403","2582913","2790730","2903227","3005326","3090172","3207409","3272484","3363936","3451804","3496341","3497085","3493603","3525665","3472519"
"Solomon Islands","SLB","201276","208586","215334","221278","227371","233441","239202","244930","250727","257953","264085","270234","277486","285149","293212","301549","309640","318214","327090","336210","345313"
"Sierra Leone","SLE","1640705","1705299","1773281","1856594","1989005","2048942","2090914","2125711","2156092","2185722","2217904","2246033","2276959","2309333","2342290","2424126","2485141","2549249","2615235","2681078","2717263"
"El Salvador","SLV","2291666","2298088","2302610","2384404","2359488","2404448","2457635","2511381","2539622","2568055","2533394","2562007","2628801","2684337","2666330","2665790","2729499","2743376","2757134","2790598","2496445"
"San Marino","SMR",,,,,,,,,,,,,,,,,,,,,
"Somalia","SOM","2325434","2378776","2440898","2509293","2580798","2653989","2712492","2769756","2830020","2898324","2977339","3050433","3138116","3236180","3340679","3450717","3568277","3689941","3817325","3953141","4065294"
"Serbia","SRB","3433613","3404135","3382750","3365515","3336760","3317483","3294831","3290084","3237792","3141208","3064360","3048420","3068095","3111458","3122788","3096774","3191848","3219038","3242002","3240312","3167119"
"Sub-Saharan Africa (excluding high income)","SSA","257827346","264548106","271513885","278898981","286531305","294377211","302270131","310384293","318666302","326552770","334693177","343717142","350805472","358686247","368233489","379027709","389727857","402340616","415312031","428800557","428466600"
"South Sudan","SSD","2544255","2643066","2741739","2845994","2963673","3099748","3254105","3424392","3601192","3774340","3935495","4072130","4194850","4302835","4396431","4476851","4536026","4580956","4621388","4671395","4581565"
"Sub-Saharan Africa","SSF","257827346","264548106","271513885","278898981","286531305","294377211","302270131","310384293","318666302","326552770","334693177","343717142","350805472","358686247","368233489","379027709","389727857","402340616","415312031","428800557","428466600"
"Small states","SST","11434503","11661601","11877541","12169237","12467151","12810760","13239325","13702773","14209111","14701084","15134850","15539199","15955141","16439790","16821679","17224115","17594528","17981305","18345569","18736553","18646062"
"Sao Tome and Principe","STP","43678","44751","45862","46981","48212","49544","51510","53684","55869","58014","59931","61477","62840","64047","65195","66411","67724","69063","70452","71873","70664"
"Suriname","SUR","159722","162545","165407","168437","171615","174779","178208","181828","185525","189188","192862","196485","199922","203227","206401","209333","211735","214449","217128","219507","207832"
"Slovak Republic","SVK","2585035","2633108","2623926","2658274","2674080","2662165","2653642","2650409","2681978","2672080","2683556","2686049","2710897","2718461","2724189","2739823","2763962","2762066","2754062","2749141","2722540"
"Slovenia","SVN","961234","969858","983737","963181","1010627","1019024","1025737","1040308","1036323","1043550","1043795","1022938","1017670","1012930","1017369","1010882","998363","1029046","1037500","1028117","1022650"
"Sweden","SWE","4514130","4561650","4578307","4604216","4617014","4688853","4750286","4824500","4891961","4908471","4943074","5001509","5036384","5100683","5143977","5186870","5252218","5337330","5399893","5455406","5477192"
"Eswatini","SWZ","290519","295768","299575","302519","304975","306984","310225","313593","317182","320580","323609","327375","331425","335932","340743","345265","353019","360346","367358","374305","369124"
"Sint Maarten (Dutch part)","SXM",,,,,,,,,,,,,,,,,,,,,
"Seychelles","SYC",,,,,,,,,,,,,,,,,,,,,
"Syrian Arab Republic","SYR","4865205","4964968","5055714","5133453","5154998","5195625","5321071","5469455","5693700","5653165","5768644","5757902","5668055","5536735","5402002","5292804","5201252","5148826","5147953","5224030","5165789"
"Turks and Caicos Islands","TCA",,,,,,,,,,,,,,,,,,,,,
"Chad","TCD","3092951","3200998","3319316","3441705","3562212","3690232","3820059","3951665","4088910","4232115","4378882","4535056","4695491","4865401","5039537","5221718","5408186","5597040","5789112","5986315","5983843"
"East Asia & Pacific (IDA & IBRD countries)","TEA","985151758","992929616","1001752605","1012361728","1023486046","1031248880","1040354143","1052197334","1059726769","1066045252","1071752916","1081498175","1089360098","1094571701","1100586976","1105162857","1108476373","1111732210","1116867206","1119470877","1101770283"
"Europe & Central Asia (IDA & IBRD countries)","TEC","196421144","195238480","195243365","194863614","195761876","197071332","197660832","199386672","201203048","202582186","204430673","206162579","206807169","208035766","208800572","210000835","210878901","211572963","211857380","211215979","206997693"
"Togo","TGO","1609402","1660670","1710457","1759153","1813632","1872423","1929162","1990940","2052294","2114152","2177231","2240846","2305856","2373256","2441620","2511546","2582427","2654924","2728772","2804487","2817026"
"Thailand","THA","35021099","35314997","35810207","36285089","36815555","37347001","37575436","38305650","38752682","39186892","38941754","40061270","40107525","39263702","38995319","38919081","38664352","38489388","38908334","38650533","38483357"
"Tajikistan","TJK","1612420","1659453","1713086","1772976","1851900","1889657","1923985","1952397","1978868","2032607","2083438","2125761","2168900","2209827","2248688","2284107","2315763","2318790","2322553","2327478","2329165"
"Turkmenistan","TKM","1784535","1822346","1862922","1894743","1926103","1945642","1967776","1998192","2027506","2072361","2107257","2136670","2166708","2194401","2223332","2258330","2283079","2313976","2348369","2380596","2360858"
"Latin America & the Caribbean (IDA & IBRD countries)","TLA","215697361","220659589","225875757","231108893","237601059","243134429","248435561","252569063","257272954","262929575","265835701","269070901","276152674","279884082","283371398","288272162","292345839","297632858","302775904","308100545","285868304"
"Timor-Leste","TLS","343519","346764","356112","365500","375051","384545","394203","401078","408207","415609","423100","434159","445009","457442","469586","483007","497099","514315","530711","545809","560164"
"Middle East & North Africa (IDA & IBRD countries)","TMN","79946234","82208308","84496070","87448392","90319164","93109678","94852796","96978249","97748110","100258557","102227644","103848139","105668432","107864913","108860970","110448038","112969291","114196464","115269288","117303088","113947956"
"Tonga","TON","33994","34268","34381","34374","34347","34326","34336","34367","34362","34230","33954","33628","33130","32538","31968","31493","31266","31205","31252","31793","31407"
"South Asia (IDA & IBRD)","TSA","510786313","523558876","536918687","551081360","565413230","579189486","584486887","590188803","595800124","602039440","607991981","611861877","616316140","624648260","631951765","640816264","648192776","657710503","664285220","675447781","647150409"
"Sub-Saharan Africa (IDA & IBRD countries)","TSS","257827346","264548106","271513885","278898981","286531305","294377211","302270131","310384293","318666302","326552770","334693177","343717142","350805472","358686247","368233489","379027709","389727857","402340616","415312031","428800557","428466600"
"Trinidad and Tobago","TTO","577322","586941","597159","617306","636828","655440","660992","664115","668143","664484","657654","652553","664618","669537","676862","672832","670087","669775","669487","668956","636888"
"Tunisia","TUN","3221277","3258855","3294424","3328743","3363108","3397707","3492964","3563483","3639843","3729000","3807781","3872078","3962506","3955089","3981237","4012181","4034416","4060673","4086764","4115302","4107933"
"Turkey","TUR","21416630","21767789","22072114","21907831","21874677","22316756","22241100","22626118","23362747","24208672","25218827","26282989","26782237","27838130","28688617","29779757","30831350","31962763","32833549","33318941","32317036"
"Tuvalu","TUV",,,,,,,,,,,,,,,,,,,,,
"Tanzania","TZA","16130288","16563194","17083856","17622059","18184275","18766994","19327214","19777377","20241231","20710630","21182241","21661064","22147431","22640286","23136098","23876862","24657528","25466488","26301713","27172946","28039322"
"Uganda","UGA","8366076","8621822","8897894","9194210","9507857","9836277","10175253","10530963","10907526","11301737","11717623","12148528","12605360","13060662","13548976","14078446","14657505","15286873","15934476","16588429","16514595"
"Ukraine","UKR","23224275","22732738","22577667","22445285","22292789","22167507","22043101","21924436","21813766","21744285","21676892","21642068","21425570","21583163","20951080","20952135","20764636","20621915","20417459","20207728","19461889"
"Upper middle income","UMC","1136389691","1144972386","1157361945","1170084412","1184344469","1196416247","1206964339","1217069019","1225865247","1233982507","1238024115","1247373441","1258971931","1266068834","1272740759","1281366155","1287501389","1294091714","1299547089","1303196379","1265834878"
"Uruguay","URY","1559172","1602572","1577300","1570400","1571356","1583429","1620706","1662761","1688609","1707666","1711277","1732500","1730455","1726683","1750238","1749371","1750928","1748190","1749877","1759504","1686696"
"United States","USA","146738412","147700616","148537342","149149954","150211579","152069621","153926382","155217714","157018957","157119037","156908693","156988739","158669839","158786446","159585089","160656132","162618460","164326552","165551383","167329067","165163504"
"Uzbekistan","UZB","10036868","10295119","10556510","10814844","11040448","11277010","11510371","11738727","11987369","12255925","12684814","13062919","13283938","13509119","13739902","13950059","14162987","14370393","14554971","14761999","14450873"
"St. Vincent and the Grenadines","VCT","48419","49198","50018","50834","51589","52257","52788","53122","53350","53582","53868","54186","54616","55092","55531","55893","56354","56896","57461","57953","55342"
"Venezuela, RB","VEN","10139740","10424094","10620862","10823290","11232886","11583002","11963899","12120852","12330651","12515231","12716071","12931113","13091253","13341572","13492626","13545018","13321835","13005670","12595517","11996396","11063628"
"British Virgin Islands","VGB",,,,,,,,,,,,,,,,,,,,,
"Virgin Islands (U.S.)","VIR","52423","53088","53624","54006","54302","54619","54746","54871","54977","54928","54812","54353","53831","53366","52957","52564","52339","52133","51957","51757","49443"
"Vietnam","VNM","41917509","42975754","43921342","44790573","45666853","46598033","47441387","48338674","49293960","50211128","51254211","52143659","52979510","54292342","54997363","55604625","55860308","56468715","57028658","57307619","56542377"
"Vanuatu","VUT","74628","77189","80190","82810","85481","87995","90698","93336","95815","98622","101753","104151","106994","110008","112809","115569","119014","122061","125176","128492","129602"
"World","WLD","2761804065","2798178816","2839836076","2884528156","2932603775","2978294304","3014916548","3055194266","3090713380","3123787960","3153247494","3184506422","3219002594","3251361338","3283882819","3320446151","3355132152","3392720540","3428933076","3467973718","3386103268"
"Samoa","WSM","47223","47505","47841","48060","48219","48378","48772","48893","49316","50091","50484","50925","51854","52421","52773","52679","52571","52780","53239","53542","53605"
"Kosovo","XKX",,,,,,,,,,,,,,,,,,,,,
"Yemen, Rep.","YEM","4087049","4174836","4262396","4354094","4456621","4569596","4683882","4811559","4947922","5089346","5231266","5317032","5408852","5504850","5604750","5861845","6096805","6331159","6561777","6793468","6956391"
"South Africa","ZAF","16463987","16805315","17149625","17513164","17879754","18254907","18604581","18966473","19357609","19107455","18903308","19230873","19748124","20356336","20827819","21688511","22090023","22691810","22948481","23326430","21742744"
"Zambia","ZMB","4423692","4534292","4647237","4761135","4878794","5001755","5087340","5179444","5278729","5385208","5498647","5638715","5786691","5989295","6201176","6422843","6649697","6887235","7133407","7390080","7636530"
"Zimbabwe","ZWE","5469782","5562010","5645676","5723420","5798923","5822515","5876509","5930825","5987039","6046566","6110065","6194595","6285553","6385806","6486805","6587829","6686407","6793476","6908600","7037039","6985536"
