"Country Name"	"Country Code"	"2000"	"2001"	"2002"	"2003"	"2004"	"2005"	"2006"	"2007"	"2008"	"2009"	"2010"	"2011"	"2012"	"2013"	"2014"	"2015"	"2016"	"2017"	"2018"	"2019"	"2020"
"Aruba"	"ABW"	"46.717"	"46.339"	"45.972"	"45.606"	"45.24"	"44.875"	"44.511"	"44.147"	"43.783"	"43.421"	"43.059"	"42.94"	"42.957"	"42.99"	"43.041"	"43.108"	"43.192"	"43.293"	"43.411"	"43.546"	"43.697"
"Africa Eastern and Southern"	"AFE"	"28.6692864525936"	"28.9770739787538"	"29.3041987160712"	"29.631272540665"	"29.9618242264524"	"30.3097046719514"	"30.6462432499318"	"30.9140937794251"	"31.3313210633171"	"31.7564714042204"	"32.1934098004161"	"32.6415481084515"	"33.0716871573659"	"33.5075479703347"	"33.9524243585602"	"34.4050839061798"	"34.8651009391134"	"35.332372600656"	"35.8077701192774"	"36.2913220679034"	"36.7833061490919"
"Afghanistan"	"AFG"	"22.078"	"22.169"	"22.261"	"22.353"	"22.5"	"22.703"	"22.907"	"23.113"	"23.32"	"23.528"	"23.737"	"23.948"	"24.16"	"24.373"	"24.587"	"24.803"	"25.02"	"25.25"	"25.495"	"25.754"	"26.026"
"Africa Western and Central"	"AFW"	"35.3529813285238"	"35.9532481550621"	"36.5579766178363"	"37.1744363338829"	"37.7998187771227"	"38.4313922681047"	"39.0707904715649"	"39.7088246996539"	"40.3459600182028"	"40.9843167330037"	"41.6258794507234"	"42.2646633923943"	"42.9010354250732"	"43.5307043161389"	"44.1571309612333"	"44.7813730017585"	"45.4018091116082"	"46.0193335426773"	"46.6331382779992"	"47.2428528783001"	"47.8486254352506"
"Angola"	"AGO"	"50.087"	"51.274"	"52.461"	"53.645"	"54.827"	"56"	"56.764"	"57.524"	"58.282"	"59.034"	"59.783"	"60.528"	"61.268"	"62.002"	"62.731"	"63.446"	"64.149"	"64.839"	"65.514"	"66.177"	"66.825"
"Albania"	"ALB"	"41.741"	"42.435"	"43.501"	"44.573"	"45.651"	"46.731"	"47.815"	"48.902"	"49.991"	"51.076"	"52.163"	"53.247"	"54.33"	"55.387"	"56.423"	"57.434"	"58.421"	"59.383"	"60.319"	"61.229"	"62.112"
"Andorra"	"AND"	"92.395"	"92.056"	"91.641"	"91.207"	"90.751"	"90.285"	"89.807"	"89.308"	"89.004"	"88.912"	"88.819"	"88.726"	"88.631"	"88.537"	"88.441"	"88.345"	"88.248"	"88.15"	"88.062"	"87.984"	"87.916"
"Arab World"	"ARB"	"52.9893016869898"	"53.2514441589562"	"53.5156256948691"	"53.8011672394373"	"54.1055823150417"	"54.4703063114514"	"54.8657362147685"	"55.1490797361925"	"55.5790743522523"	"56.0097688019882"	"56.4408805184074"	"56.7918957290399"	"57.0983962735312"	"57.4007340495261"	"57.6923254732887"	"58.0314661463348"	"58.3456269803009"	"58.6423223529406"	"58.9265950528938"	"59.2016459579233"	"59.4717656085527"
"United Arab Emirates"	"ARE"	"80.236"	"80.655"	"81.067"	"81.472"	"81.871"	"82.262"	"82.648"	"83.023"	"83.387"	"83.742"	"84.087"	"84.423"	"84.749"	"85.066"	"85.375"	"85.674"	"85.965"	"86.248"	"86.522"	"86.789"	"87.048"
"Argentina"	"ARG"	"89.142"	"89.329"	"89.51"	"89.686"	"89.86"	"90.031"	"90.2"	"90.366"	"90.53"	"90.691"	"90.849"	"90.99"	"91.121"	"91.249"	"91.377"	"91.503"	"91.627"	"91.749"	"91.87"	"91.991"	"92.111"
"Armenia"	"ARM"	"64.666"	"64.385"	"64.236"	"64.137"	"64.038"	"63.938"	"63.839"	"63.739"	"63.64"	"63.54"	"63.44"	"63.34"	"63.24"	"63.164"	"63.112"	"63.085"	"63.082"	"63.103"	"63.149"	"63.219"	"63.313"
"American Samoa"	"ASM"	"88.587"	"88.491"	"88.394"	"88.297"	"88.198"	"88.1"	"88"	"87.9"	"87.799"	"87.697"	"87.594"	"87.502"	"87.42"	"87.348"	"87.288"	"87.238"	"87.198"	"87.17"	"87.153"	"87.147"	"87.153"
"Antigua and Barbuda"	"ATG"	"32.127"	"31.74"	"31.098"	"30.464"	"29.837"	"29.218"	"28.606"	"28.002"	"27.405"	"26.818"	"26.238"	"25.703"	"25.526"	"25.35"	"25.175"	"25"	"24.846"	"24.713"	"24.599"	"24.506"	"24.433"
"Australia"	"AUS"	"84.235"	"84.1"	"84.222"	"84.343"	"84.463"	"84.582"	"84.7"	"84.822"	"84.943"	"85.063"	"85.182"	"85.3"	"85.402"	"85.502"	"85.602"	"85.701"	"85.8"	"85.904"	"86.012"	"86.124"	"86.241"
"Austria"	"AUT"	"60.213"	"59.934"	"59.655"	"59.375"	"59.094"	"58.813"	"58.532"	"58.249"	"57.966"	"57.683"	"57.399"	"57.115"	"57.147"	"57.336"	"57.526"	"57.715"	"57.905"	"58.094"	"58.297"	"58.515"	"58.748"
"Azerbaijan"	"AZE"	"51.386"	"51.587"	"51.787"	"51.988"	"52.189"	"52.389"	"52.589"	"52.79"	"52.99"	"53.19"	"53.406"	"53.637"	"53.883"	"54.145"	"54.422"	"54.714"	"55.021"	"55.343"	"55.68"	"56.031"	"56.397"
"Burundi"	"BDI"	"8.246"	"8.461"	"8.682"	"8.908"	"9.139"	"9.375"	"9.617"	"9.864"	"10.118"	"10.376"	"10.642"	"10.915"	"11.194"	"11.482"	"11.776"	"12.078"	"12.388"	"12.706"	"13.032"	"13.366"	"13.708"
"Belgium"	"BEL"	"97.129"	"97.186"	"97.241"	"97.296"	"97.35"	"97.403"	"97.454"	"97.505"	"97.555"	"97.603"	"97.651"	"97.698"	"97.744"	"97.789"	"97.833"	"97.876"	"97.919"	"97.961"	"98.001"	"98.041"	"98.079"
"Benin"	"BEN"	"38.333"	"38.65"	"39.036"	"39.536"	"40.039"	"40.543"	"41.049"	"41.558"	"42.069"	"42.58"	"43.093"	"43.608"	"44.125"	"44.642"	"45.166"	"45.695"	"46.229"	"46.768"	"47.312"	"47.861"	"48.415"
"Burkina Faso"	"BFA"	"17.844"	"18.54"	"19.258"	"19.996"	"20.757"	"21.537"	"22.339"	"22.996"	"23.534"	"24.079"	"24.633"	"25.196"	"25.767"	"26.346"	"26.934"	"27.53"	"28.134"	"28.743"	"29.358"	"29.98"	"30.607"
"Bangladesh"	"BGD"	"23.59"	"24.096"	"24.756"	"25.429"	"26.114"	"26.809"	"27.517"	"28.237"	"28.968"	"29.709"	"30.462"	"31.225"	"31.993"	"32.762"	"33.535"	"34.308"	"35.083"	"35.858"	"36.632"	"37.405"	"38.177"
"Bulgaria"	"BGR"	"68.899"	"69.166"	"69.524"	"69.879"	"70.233"	"70.584"	"70.932"	"71.278"	"71.622"	"71.963"	"72.302"	"72.638"	"72.975"	"73.313"	"73.651"	"73.99"	"74.329"	"74.669"	"75.008"	"75.347"	"75.686"
"Bahrain"	"BHR"	"88.372"	"88.369"	"88.373"	"88.383"	"88.399"	"88.422"	"88.452"	"88.488"	"88.53"	"88.579"	"88.634"	"88.695"	"88.762"	"88.835"	"88.915"	"88.999"	"89.09"	"89.186"	"89.287"	"89.394"	"89.506"
"Bahamas, The"	"BHS"	"82.007"	"82.049"	"82.092"	"82.134"	"82.176"	"82.218"	"82.26"	"82.302"	"82.343"	"82.385"	"82.427"	"82.476"	"82.532"	"82.596"	"82.668"	"82.746"	"82.832"	"82.925"	"83.025"	"83.132"	"83.245"
"Bosnia and Herzegovina"	"BIH"	"42.384"	"42.698"	"43.014"	"43.33"	"43.648"	"43.965"	"44.282"	"44.601"	"44.92"	"45.239"	"45.558"	"45.878"	"46.199"	"46.519"	"46.84"	"47.173"	"47.518"	"47.876"	"48.245"	"48.626"	"49.02"
"Belarus"	"BLR"	"69.973"	"70.458"	"70.939"	"71.415"	"71.887"	"72.354"	"72.816"	"73.273"	"73.726"	"74.172"	"74.672"	"75.188"	"75.697"	"76.199"	"76.693"	"77.181"	"77.661"	"78.134"	"78.595"	"79.044"	"79.483"
"Belize"	"BLZ"	"45.398"	"45.381"	"45.364"	"45.347"	"45.33"	"45.313"	"45.296"	"45.279"	"45.262"	"45.245"	"45.228"	"45.228"	"45.246"	"45.282"	"45.335"	"45.406"	"45.495"	"45.601"	"45.724"	"45.866"	"46.025"
"Bermuda"	"BMU"	"100"	"100"	"100"	"100"	"100"	"100"	"100"	"100"	"100"	"100"	"100"	"100"	"100"	"100"	"100"	"100"	"100"	"100"	"100"	"100"	"100"
"Bolivia"	"BOL"	"61.787"	"62.306"	"62.783"	"63.248"	"63.711"	"64.17"	"64.628"	"65.082"	"65.535"	"65.984"	"66.43"	"66.874"	"67.315"	"67.699"	"68.047"	"68.393"	"68.738"	"69.08"	"69.425"	"69.773"	"70.123"
"Brazil"	"BRA"	"81.192"	"81.553"	"81.88"	"82.203"	"82.521"	"82.834"	"83.143"	"83.448"	"83.749"	"84.044"	"84.335"	"84.631"	"84.923"	"85.209"	"85.492"	"85.77"	"86.042"	"86.309"	"86.569"	"86.824"	"87.073"
"Barbados"	"BRB"	"33.827"	"33.629"	"33.431"	"33.234"	"33.037"	"32.841"	"32.646"	"32.451"	"32.256"	"32.063"	"31.87"	"31.7"	"31.553"	"31.429"	"31.328"	"31.249"	"31.193"	"31.159"	"31.147"	"31.158"	"31.191"
"Brunei Darussalam"	"BRN"	"71.164"	"71.652"	"72.046"	"72.421"	"72.794"	"73.163"	"73.529"	"73.892"	"74.252"	"74.608"	"74.961"	"75.31"	"75.656"	"75.997"	"76.332"	"76.663"	"76.99"	"77.312"	"77.629"	"77.942"	"78.25"
"Bhutan"	"BTN"	"25.418"	"26.48"	"27.57"	"28.688"	"29.835"	"30.965"	"31.712"	"32.469"	"33.236"	"34.01"	"34.793"	"35.585"	"36.371"	"37.149"	"37.918"	"38.678"	"39.428"	"40.167"	"40.895"	"41.612"	"42.316"
"Botswana"	"BWA"	"53.219"	"54.062"	"54.57"	"55.029"	"55.488"	"55.944"	"56.4"	"57.928"	"59.444"	"60.937"	"62.412"	"63.865"	"64.768"	"65.572"	"66.368"	"67.155"	"67.933"	"68.7"	"69.446"	"70.172"	"70.877"
"Central African Republic"	"CAF"	"37.639"	"37.72"	"37.802"	"37.884"	"37.966"	"38.069"	"38.193"	"38.339"	"38.506"	"38.694"	"38.904"	"39.135"	"39.388"	"39.663"	"39.959"	"40.277"	"40.618"	"40.98"	"41.364"	"41.77"	"42.198"
"Canada"	"CAN"	"79.478"	"79.81"	"79.888"	"79.967"	"80.045"	"80.122"	"80.213"	"80.396"	"80.578"	"80.758"	"80.937"	"81.096"	"81.137"	"81.178"	"81.218"	"81.259"	"81.3"	"81.35"	"81.411"	"81.482"	"81.562"
"Central Europe and the Baltics"	"CEB"	"61.4761873574983"	"61.4954533010999"	"61.5557607471992"	"61.6021556919924"	"61.6481810490578"	"61.7026922241905"	"61.7638954455271"	"61.8418454287671"	"61.9245405466205"	"61.9860468760089"	"62.0260650244197"	"62.0639344852313"	"62.0817769738868"	"62.0968137366794"	"62.1136451427738"	"62.1406724582082"	"62.1844843229932"	"62.2484547292635"	"62.3336666035846"	"62.4381392131022"	"62.5580321482346"
"Switzerland"	"CHE"	"73.383"	"73.375"	"73.401"	"73.427"	"73.452"	"73.478"	"73.504"	"73.53"	"73.556"	"73.581"	"73.607"	"73.631"	"73.653"	"73.674"	"73.696"	"73.718"	"73.739"	"73.761"	"73.797"	"73.849"	"73.915"
"Channel Islands"	"CHI"	"30.465"	"30.495"	"30.557"	"30.619"	"30.681"	"30.743"	"30.805"	"30.867"	"30.929"	"30.992"	"31.054"	"31.091"	"31.059"	"31.027"	"30.995"	"30.962"	"30.93"	"30.914"	"30.914"	"30.931"	"30.963"
"Chile"	"CHL"	"86.073"	"86.363"	"86.606"	"86.665"	"86.725"	"86.783"	"86.842"	"86.9"	"86.959"	"87.017"	"87.074"	"87.132"	"87.189"	"87.246"	"87.303"	"87.36"	"87.422"	"87.49"	"87.564"	"87.643"	"87.727"
"China"	"CHN"	"35.877"	"37.093"	"38.425"	"39.776"	"41.144"	"42.522"	"43.868"	"45.199"	"46.539"	"47.88"	"49.226"	"50.511"	"51.765"	"53.013"	"54.259"	"55.5"	"56.736"	"57.96"	"59.152"	"60.308"	"61.428"
"Cote d'Ivoire"	"CIV"	"43.155"	"43.568"	"43.983"	"44.399"	"44.817"	"45.234"	"45.652"	"46.071"	"46.491"	"46.91"	"47.33"	"47.751"	"48.172"	"48.593"	"49.014"	"49.444"	"49.881"	"50.326"	"50.779"	"51.239"	"51.706"
"Cameroon"	"CMR"	"45.542"	"46.139"	"46.738"	"47.338"	"47.94"	"48.541"	"49.143"	"49.746"	"50.35"	"50.954"	"51.559"	"52.164"	"52.769"	"53.373"	"53.976"	"54.578"	"55.179"	"55.777"	"56.374"	"56.968"	"57.56"
"Congo, Dem. Rep."	"COD"	"35.122"	"35.587"	"36.055"	"36.526"	"37"	"37.481"	"37.971"	"38.47"	"38.976"	"39.491"	"40.013"	"40.544"	"41.082"	"41.627"	"42.18"	"42.74"	"43.307"	"43.88"	"44.46"	"45.046"	"45.638"
"Congo, Rep."	"COG"	"58.695"	"59.156"	"59.617"	"60.076"	"60.533"	"60.988"	"61.441"	"61.893"	"62.346"	"62.8"	"63.256"	"63.712"	"64.169"	"64.627"	"65.085"	"65.543"	"66.001"	"66.459"	"66.916"	"67.373"	"67.829"
"Colombia"	"COL"	"73.957"	"74.379"	"74.797"	"75.211"	"75.62"	"76.024"	"76.423"	"76.816"	"77.204"	"77.587"	"77.964"	"78.335"	"78.701"	"79.061"	"79.415"	"79.764"	"80.108"	"80.446"	"80.778"	"81.104"	"81.425"
"Comoros"	"COM"	"28.08"	"28.036"	"27.992"	"27.947"	"27.903"	"27.875"	"27.863"	"27.867"	"27.886"	"27.921"	"27.973"	"28.04"	"28.123"	"28.223"	"28.338"	"28.47"	"28.619"	"28.784"	"28.965"	"29.164"	"29.38"
"Cabo Verde"	"CPV"	"53.435"	"54.291"	"55.146"	"55.997"	"56.846"	"57.689"	"58.529"	"59.363"	"60.194"	"61.016"	"61.821"	"62.322"	"62.821"	"63.317"	"63.81"	"64.3"	"64.784"	"65.261"	"65.732"	"66.195"	"66.652"
"Costa Rica"	"CRI"	"59.052"	"60.41"	"61.753"	"63.08"	"64.388"	"65.672"	"66.935"	"68.174"	"69.39"	"70.575"	"71.736"	"72.868"	"73.946"	"74.97"	"75.941"	"76.862"	"77.735"	"78.56"	"79.34"	"80.076"	"80.771"
"Caribbean small states"	"CSS"	"50.2479966251559"	"50.3260416953736"	"50.363499045718"	"50.3837162432128"	"50.4015339466939"	"50.4093410768188"	"50.4164960853679"	"50.4224205866075"	"50.4275187825276"	"50.4303703423577"	"50.4340222209539"	"50.4563246671671"	"50.5180015199416"	"50.5913942953527"	"50.6801049848727"	"50.7845671998424"	"50.906347090985"	"51.0446232585678"	"51.199349902547"	"51.3699794608823"	"51.5564381985332"
"Cuba"	"CUB"	"75.323"	"75.555"	"75.785"	"75.947"	"76.041"	"76.134"	"76.227"	"76.32"	"76.413"	"76.505"	"76.597"	"76.689"	"76.781"	"76.827"	"76.861"	"76.896"	"76.93"	"76.977"	"77.037"	"77.109"	"77.194"
"Curacao"	"CUW"	"90.752"	"91.011"	"90.894"	"90.775"	"90.655"	"90.534"	"90.411"	"90.287"	"90.161"	"90.034"	"89.905"	"89.775"	"89.654"	"89.544"	"89.443"	"89.352"	"89.272"	"89.203"	"89.145"	"89.098"	"89.062"
"Cayman Islands"	"CYM"	"100"	"100"	"100"	"100"	"100"	"100"	"100"	"100"	"100"	"100"	"100"	"100"	"100"	"100"	"100"	"100"	"100"	"100"	"100"	"100"	"100"
"Cyprus"	"CYP"	"68.648"	"68.769"	"68.694"	"68.553"	"68.41"	"68.268"	"68.125"	"67.982"	"67.839"	"67.695"	"67.551"	"67.406"	"67.261"	"67.137"	"67.031"	"66.946"	"66.881"	"66.836"	"66.81"	"66.805"	"66.821"
"Czech Republic"	"CZE"	"73.988"	"73.877"	"73.809"	"73.74"	"73.671"	"73.602"	"73.533"	"73.463"	"73.394"	"73.324"	"73.255"	"73.185"	"73.197"	"73.29"	"73.384"	"73.477"	"73.57"	"73.675"	"73.792"	"73.921"	"74.061"
"Germany"	"DEU"	"74.965"	"75.17"	"75.374"	"75.577"	"75.779"	"75.98"	"76.179"	"76.378"	"76.575"	"76.771"	"76.966"	"77.16"	"77.17"	"77.18"	"77.19"	"77.2"	"77.224"	"77.261"	"77.312"	"77.376"	"77.453"
"Djibouti"	"DJI"	"76.532"	"76.578"	"76.624"	"76.67"	"76.716"	"76.761"	"76.807"	"76.853"	"76.899"	"76.944"	"76.999"	"77.064"	"77.138"	"77.222"	"77.314"	"77.417"	"77.528"	"77.648"	"77.777"	"77.915"	"78.062"
"Dominica"	"DMA"	"65.265"	"65.382"	"65.689"	"65.994"	"66.299"	"66.601"	"66.903"	"67.203"	"67.502"	"67.799"	"68.094"	"68.389"	"68.685"	"68.982"	"69.28"	"69.579"	"69.88"	"70.181"	"70.483"	"70.786"	"71.09"
"Denmark"	"DNK"	"85.1"	"85.15"	"85.25"	"85.36"	"85.566"	"85.856"	"86.098"	"86.293"	"86.487"	"86.654"	"86.795"	"86.957"	"87.142"	"87.292"	"87.41"	"87.526"	"87.642"	"87.757"	"87.874"	"87.994"	"88.116"
"Dominican Republic"	"DOM"	"61.753"	"62.565"	"63.371"	"64.605"	"66.003"	"67.37"	"68.71"	"70.02"	"71.3"	"72.542"	"73.753"	"74.827"	"75.802"	"76.749"	"77.67"	"78.566"	"79.436"	"80.277"	"81.074"	"81.828"	"82.54"
"Algeria"	"DZA"	"59.919"	"60.712"	"61.501"	"62.284"	"63.061"	"63.83"	"64.593"	"65.348"	"66.097"	"66.826"	"67.54"	"68.236"	"68.915"	"69.576"	"70.221"	"70.848"	"71.459"	"72.052"	"72.629"	"73.189"	"73.733"
"East Asia & Pacific (excluding high income)"	"EAP"	"36.5641158561051"	"37.5930614692006"	"38.7024447695433"	"39.8240472273229"	"40.9564757234998"	"42.0930196340856"	"43.2048899989628"	"44.3045974181244"	"45.4090697292199"	"46.5139383795957"	"47.6201159051459"	"48.661478854729"	"49.6749892450108"	"50.6816528424204"	"51.6855616014769"	"52.6850352703007"	"53.6812881522207"	"54.6692127246703"	"55.6332610142947"	"56.5700035641629"	"57.480840395812"
"Early-demographic dividend"	"EAR"	"38.3340728132398"	"38.6569856367365"	"39.0183905428665"	"39.3787687067615"	"39.7409005519503"	"40.1072599814132"	"40.4770910930538"	"40.8493267959701"	"41.2292413430976"	"41.6130840336137"	"41.9990646900343"	"42.3776364699449"	"42.757945159258"	"43.1423801618747"	"43.530688294913"	"43.9286535245682"	"44.3265075864717"	"44.7258982471673"	"45.1301561610855"	"45.540805428283"	"45.9592079871492"
"East Asia & Pacific"	"EAS"	"41.4207556589177"	"42.4127349097608"	"43.4971580130374"	"44.5825187631653"	"45.6708387342357"	"46.7554264020151"	"47.8093415523538"	"48.844311396322"	"49.8857007416119"	"50.9174411630269"	"51.9453370756629"	"52.8768838718474"	"53.7740126759985"	"54.6636482285642"	"55.5524457353054"	"56.4385396215146"	"57.3213209693957"	"58.195610536154"	"59.0524098605745"	"59.8871499713248"	"60.6950244969031"
"Europe & Central Asia (excluding high income)"	"ECA"	"63.8980336679225"	"64.0161366985579"	"64.1633457615031"	"64.3409305739691"	"64.5258562961885"	"64.7153266249057"	"64.9060408146613"	"65.105627360157"	"65.3037788948164"	"65.4974504639632"	"65.6767666438194"	"65.8396696163298"	"65.9943006849268"	"66.1488963168668"	"66.3064697086923"	"66.470214779618"	"66.6403015808729"	"66.815812375059"	"66.996413497717"	"67.1795890100098"	"67.3654398572274"
"Europe & Central Asia"	"ECS"	"68.7415356847576"	"68.8985773874589"	"69.1002043947377"	"69.3108139241063"	"69.5228981671509"	"69.7370636375151"	"69.9502222764342"	"70.16499262559"	"70.375154792726"	"70.5773230313979"	"70.7709968834977"	"70.9468823531993"	"71.1215489069106"	"71.2937064186079"	"71.4655261033524"	"71.6445337221389"	"71.8287609665142"	"72.0171602534644"	"72.2113819650601"	"72.4116822138098"	"72.614776748695"
"Ecuador"	"ECU"	"60.299"	"60.799"	"61.118"	"61.316"	"61.514"	"61.711"	"61.907"	"62.104"	"62.3"	"62.495"	"62.69"	"62.851"	"62.988"	"63.125"	"63.261"	"63.398"	"63.534"	"63.67"	"63.821"	"63.986"	"64.166"
"Egypt, Arab Rep."	"EGY"	"42.797"	"42.843"	"42.889"	"42.935"	"42.981"	"43.027"	"43.073"	"43.078"	"43.058"	"43.039"	"43.019"	"43"	"42.946"	"42.893"	"42.839"	"42.785"	"42.732"	"42.705"	"42.704"	"42.73"	"42.783"
"Euro area"	"EMU"	"72.9421664058408"	"73.1472451383109"	"73.3907786483117"	"73.6413861301762"	"73.8868795580739"	"74.129970348811"	"74.3678318864233"	"74.5966282925828"	"74.8231478751617"	"75.0508904482127"	"75.281698049646"	"75.5090228665222"	"75.7236935103864"	"75.929121638797"	"76.1280994679572"	"76.3392616124018"	"76.5529692249178"	"76.7704471562476"	"76.9930860453837"	"77.2311668454943"	"77.461870037383"
"Eritrea"	"ERI"	"26.587"	"27.455"	"28.341"	"29.244"	"30.164"	"31.099"	"32.051"	"33.017"	"34"	"34.585"	"35.175"	"35.771"									
"Spain"	"ESP"	"76.262"	"76.343"	"76.533"	"76.778"	"77.022"	"77.263"	"77.502"	"77.74"	"77.976"	"78.21"	"78.442"	"78.673"	"78.902"	"79.133"	"79.366"	"79.602"	"79.84"	"80.08"	"80.321"	"80.565"	"80.81"
"Estonia"	"EST"	"69.368"	"69.242"	"69.116"	"68.989"	"68.862"	"68.735"	"68.607"	"68.479"	"68.351"	"68.223"	"68.094"	"67.965"	"67.974"	"68.122"	"68.269"	"68.416"	"68.563"	"68.717"	"68.88"	"69.051"	"69.229"
"Ethiopia"	"ETH"	"14.74"	"14.927"	"15.118"	"15.31"	"15.504"	"15.7"	"15.899"	"16.116"	"16.51"	"16.91"	"17.319"	"17.735"	"18.16"	"18.575"	"18.998"	"19.428"	"19.866"	"20.31"	"20.763"	"21.225"	"21.695"
"European Union"	"EUU"	"70.825711562657"	"71.0122218629448"	"71.2403831622261"	"71.4627478838985"	"71.6811057521961"	"71.8999308930476"	"72.1166485441279"	"72.3363987139009"	"72.5550308575921"	"72.7634110956976"	"72.9723261514084"	"73.1680577319247"	"73.356888238534"	"73.5394058330158"	"73.7178485782486"	"73.9081840731671"	"74.1050733249803"	"74.3075095447834"	"74.5166970796689"	"74.7373263738728"	"74.9565011459504"
"Fragile and conflict affected situations"	"FCS"	"34.8923543896843"	"35.263986795569"	"35.6253147895471"	"35.9836021397623"	"36.3340872572329"	"36.6871707676905"	"37.0424731162219"	"37.3419768578381"	"37.7448509016677"	"38.1543911930899"	"38.575560243429"	"38.9688853178748"	"39.354251941729"	"39.7428667624187"	"40.1305443211717"	"40.5502695414019"	"40.9583604887699"	"41.3602956327336"	"41.768238478671"	"42.193552057877"	"42.6435774684459"
"Finland"	"FIN"	"82.183"	"82.368"	"82.503"	"82.638"	"82.772"	"82.905"	"83.037"	"83.168"	"83.299"	"83.429"	"83.77"	"84.313"	"84.841"	"85.125"	"85.175"	"85.225"	"85.275"	"85.325"	"85.382"	"85.446"	"85.517"
"Fiji"	"FJI"	"47.908"	"48.3"	"48.692"	"49.085"	"49.479"	"49.871"	"50.264"	"50.657"	"51.146"	"51.658"	"52.171"	"52.683"	"53.196"	"53.706"	"54.216"	"54.726"	"55.235"	"55.742"	"56.248"	"56.75"	"57.247"
"France"	"FRA"	"75.871"	"76.127"	"76.38"	"76.632"	"76.883"	"77.13"	"77.377"	"77.621"	"77.868"	"78.117"	"78.369"	"78.622"	"78.878"	"79.135"	"79.394"	"79.655"	"79.917"	"80.18"	"80.444"	"80.709"	"80.975"
"Faroe Islands"	"FRO"	"36.337"	"37.175"	"38.022"	"38.714"	"39.247"	"39.781"	"40.147"	"40.341"	"40.536"	"40.731"	"40.926"	"41.088"	"41.225"	"41.363"	"41.501"	"41.638"	"41.777"	"41.914"	"42.064"	"42.225"	"42.398"
"Micronesia, Fed. Sts."	"FSM"	"22.33"	"22.33"	"22.33"	"22.33"	"22.33"	"22.33"	"22.324"	"22.317"	"22.311"	"22.305"	"22.298"	"22.305"	"22.324"	"22.355"	"22.399"	"22.456"	"22.526"	"22.608"	"22.703"	"22.812"	"22.933"
"Gabon"	"GAB"	"78.879"	"79.633"	"80.368"	"81.083"	"81.778"	"82.452"	"83.107"	"83.742"	"84.359"	"84.955"	"85.533"	"86.092"	"86.634"	"87.156"	"87.651"	"88.118"	"88.559"	"88.976"	"89.37"	"89.741"	"90.092"
"United Kingdom"	"GBR"	"78.651"	"78.751"	"79.047"	"79.339"	"79.629"	"79.915"	"80.199"	"80.479"	"80.757"	"81.031"	"81.302"	"81.57"	"81.837"	"82.102"	"82.365"	"82.626"	"82.886"	"83.143"	"83.398"	"83.652"	"83.903"
"Georgia"	"GEO"	"52.638"	"52.398"	"52.441"	"52.83"	"53.218"	"53.605"	"53.992"	"54.379"	"54.765"	"55.15"	"55.535"	"55.919"	"56.303"	"56.685"	"57.067"	"57.448"	"57.837"	"58.231"	"58.632"	"59.039"	"59.453"
"Ghana"	"GHA"	"43.929"	"44.601"	"45.275"	"45.951"	"46.63"	"47.308"	"47.988"	"48.669"	"49.351"	"50.031"	"50.713"	"51.394"	"52.073"	"52.748"	"53.419"	"54.086"	"54.749"	"55.407"	"56.06"	"56.707"	"57.349"
"Gibraltar"	"GIB"	"100"	"100"	"100"	"100"	"100"	"100"	"100"	"100"	"100"	"100"	"100"	"100"	"100"	"100"	"100"	"100"	"100"	"100"	"100"	"100"	"100"
"Guinea"	"GIN"	"30.869"	"31.144"	"31.42"	"31.698"	"31.977"	"32.257"	"32.539"	"32.822"	"33.106"	"33.391"	"33.678"	"33.966"	"34.255"	"34.545"	"34.836"	"35.141"	"35.46"	"35.793"	"36.14"	"36.5"	"36.875"
"Gambia, The"	"GMB"	"47.868"	"48.775"	"49.683"	"50.555"	"51.288"	"52.02"	"52.751"	"53.481"	"54.211"	"54.937"	"55.662"	"56.384"	"57.105"	"57.82"	"58.528"	"59.228"	"59.918"	"60.599"	"61.27"	"61.931"	"62.582"
"Guinea-Bissau"	"GNB"	"36.243"	"36.622"	"37.004"	"37.387"	"37.772"	"38.157"	"38.545"	"38.934"	"39.325"	"39.716"	"40.111"	"40.508"	"40.908"	"41.31"	"41.715"	"42.123"	"42.533"	"42.945"	"43.36"	"43.777"	"44.196"
"Equatorial Guinea"	"GNQ"	"49.092"	"50.832"	"52.573"	"54.307"	"56.033"	"57.74"	"59.431"	"61.1"	"62.745"	"64.358"	"65.94"	"67.488"	"69"	"69.544"	"70.083"	"70.616"	"71.138"	"71.646"	"72.143"	"72.627"	"73.1"
"Greece"	"GRC"	"72.716"	"72.913"	"73.303"	"73.689"	"74.073"	"74.452"	"74.827"	"75.199"	"75.568"	"75.932"	"76.292"	"76.649"	"77.004"	"77.355"	"77.702"	"78.046"	"78.387"	"78.724"	"79.058"	"79.388"	"79.715"
"Grenada"	"GRD"	"35.698"	"35.919"	"35.913"	"35.907"	"35.901"	"35.895"	"35.889"	"35.883"	"35.877"	"35.871"	"35.865"	"35.859"	"35.869"	"35.896"	"35.938"	"35.997"	"36.072"	"36.164"	"36.272"	"36.396"	"36.537"
"Greenland"	"GRL"	"81.6"	"81.849"	"82.095"	"82.338"	"82.58"	"82.858"	"83.172"	"83.482"	"83.787"	"84.087"	"84.383"	"84.755"	"85.2"	"85.551"	"85.813"	"86.071"	"86.326"	"86.574"	"86.816"	"87.052"	"87.282"
"Guatemala"	"GTM"	"45.332"	"45.668"	"46.005"	"46.318"	"46.616"	"46.913"	"47.21"	"47.508"	"47.807"	"48.104"	"48.403"	"48.701"	"49"	"49.311"	"49.634"	"49.971"	"50.319"	"50.68"	"51.054"	"51.439"	"51.836"
"Guam"	"GUM"	"93.129"	"93.233"	"93.334"	"93.435"	"93.534"	"93.631"	"93.727"	"93.822"	"93.916"	"94.008"	"94.099"	"94.188"	"94.277"	"94.364"	"94.449"	"94.534"	"94.617"	"94.699"	"94.78"	"94.859"	"94.938"
"Guyana"	"GUY"	"28.694"	"28.606"	"28.518"	"28.307"	"28.064"	"27.822"	"27.582"	"27.343"	"27.105"	"26.869"	"26.634"	"26.4"	"26.4"	"26.4"	"26.414"	"26.441"	"26.482"	"26.538"	"26.606"	"26.689"	"26.786"
"High income"	"HIC"	"76.7139994006712"	"77.0526551802432"	"77.4429520822462"	"77.8091540374005"	"78.164245165226"	"78.5067270836578"	"78.8222754070743"	"79.1207833751684"	"79.4110847329982"	"79.6904539608165"	"79.9624054606882"	"80.1683525810044"	"80.3416051797462"	"80.5097889574131"	"80.6770662380881"	"80.8496521303483"	"81.0242228525867"	"81.201898238633"	"81.3817942677298"	"81.571543341552"	"81.7553882986929"
"Hong Kong SAR, China"	"HKG"	"100"	"100"	"100"	"100"	"100"	"100"	"100"	"100"	"100"	"100"	"100"	"100"	"100"	"100"	"100"	"100"	"100"	"100"	"100"	"100"	"100"
"Honduras"	"HND"	"45.458"	"45.964"	"46.61"	"47.267"	"47.927"	"48.585"	"49.245"	"49.905"	"50.566"	"51.225"	"51.885"	"52.543"	"53.202"	"53.858"	"54.514"	"55.165"	"55.813"	"56.457"	"57.096"	"57.73"	"58.359"
"Heavily indebted poor countries (HIPC)"	"HPC"	"28.7255224315372"	"29.0543571129259"	"29.3934165412136"	"29.7457429965733"	"30.0957310727903"	"30.4643114210286"	"30.8420048561999"	"31.1569944367686"	"31.591749682403"	"32.0291715544203"	"32.4706976826859"	"32.9153288880366"	"33.3419343693167"	"33.7688480993053"	"34.2013003651206"	"34.6414690735518"	"35.0890624602318"	"35.5443469176559"	"36.0084011743596"	"36.4812809667456"	"36.9630236104351"
"Croatia"	"HRV"	"53.428"	"53.642"	"53.81"	"53.979"	"54.147"	"54.315"	"54.483"	"54.651"	"54.819"	"54.987"	"55.155"	"55.322"	"55.506"	"55.706"	"55.923"	"56.155"	"56.403"	"56.667"	"56.947"	"57.242"	"57.553"
"Haiti"	"HTI"	"35.6"	"37.251"	"38.935"	"40.645"	"41.679"	"42.638"	"43.604"	"44.574"	"45.551"	"46.528"	"47.509"	"48.492"	"49.477"	"50.46"	"51.444"	"52.427"	"53.396"	"54.346"	"55.278"	"56.192"	"57.088"
"Hungary"	"HUN"	"64.575"	"64.67"	"65.081"	"65.489"	"65.896"	"66.365"	"66.895"	"67.421"	"67.943"	"68.46"	"68.911"	"69.358"	"69.678"	"69.953"	"70.227"	"70.5"	"70.779"	"71.062"	"71.351"	"71.644"	"71.942"
"IBRD only"	"IBD"	"43.5558632822341"	"44.146462698903"	"44.7930201776592"	"45.4483401556758"	"46.1097836748754"	"46.7751310839675"	"47.428377543996"	"48.0759910943438"	"48.7267354611113"	"49.3789025631148"	"50.0332875254705"	"50.6653731553595"	"51.2907075213207"	"51.915593760132"	"52.5409450116496"	"53.1640273026906"	"53.7857179032129"	"54.4051264202081"	"55.0153441876083"	"55.6161230641927"	"56.2077003465471"
"IDA & IBRD total"	"IBT"	"40.4515828011891"	"40.9678596622695"	"41.5305814543747"	"42.0997079417788"	"42.6729013556829"	"43.2505192015232"	"43.8190062303939"	"44.376227984175"	"44.9479804466446"	"45.5207790268596"	"46.0947625048141"	"46.6446006412104"	"47.1849276321216"	"47.7244950625398"	"48.2646055489107"	"48.808109410244"	"49.3503517736927"	"49.8905807320792"	"50.4233019564925"	"50.9486583248073"	"51.4677108538871"
"IDA total"	"IDA"	"28.9534601997814"	"29.3448697786072"	"29.7551288004027"	"30.1698305500766"	"30.5882407703453"	"31.0192579558068"	"31.4588176706184"	"31.8757082155523"	"32.3501063762551"	"32.8268773972476"	"33.307679863971"	"33.7585665142726"	"34.1897977747204"	"34.6229761359488"	"35.0635294721407"	"35.5329816817417"	"36.0082325114557"	"36.4889962116814"	"36.9790439360913"	"37.4789800114661"	"37.988877493181"
"IDA blend"	"IDB"	"33.864374828424"	"34.3222033835392"	"34.7855742420776"	"35.2372613985751"	"35.6919683254151"	"36.1506808147201"	"36.6148430090306"	"37.0856772329632"	"37.5628580224866"	"38.0439799705076"	"38.5391528616635"	"39.0164144223669"	"39.4676311475505"	"39.9205352821638"	"40.3767421605375"	"40.8358347670133"	"41.2962516001156"	"41.7578028357805"	"42.228232593834"	"42.7071818889277"	"43.194213462972"
"Indonesia"	"IDN"	"42.002"	"42.783"	"43.568"	"44.356"	"45.149"	"45.942"	"46.738"	"47.535"	"48.335"	"49.134"	"49.914"	"50.595"	"51.276"	"51.955"	"52.635"	"53.313"	"53.989"	"54.659"	"55.325"	"55.985"	"56.641"
"IDA only"	"IDX"	"26.4841154494615"	"26.8440526731358"	"27.2305354078824"	"27.6299785586483"	"28.0329622240533"	"28.4517000061601"	"28.879250968814"	"29.268149450789"	"29.7389832686424"	"30.2105832598448"	"30.6787488516094"	"31.1106010657489"	"31.5276427978713"	"31.9466458470711"	"32.3753834607134"	"32.8469874701743"	"33.3276178845916"	"33.8169334855983"	"34.3165851494979"	"34.8275511218707"	"35.3502506753276"
"Isle of Man"	"IMN"	"51.823"	"51.833"	"51.851"	"51.869"	"51.887"	"51.905"	"51.922"	"51.94"	"51.958"	"51.976"	"51.994"	"52.012"	"52.046"	"52.096"	"52.162"	"52.245"	"52.343"	"52.458"	"52.588"	"52.735"	"52.898"
"India"	"IND"	"27.667"	"27.918"	"28.244"	"28.572"	"28.903"	"29.235"	"29.569"	"29.906"	"30.246"	"30.587"	"30.93"	"31.276"	"31.634"	"32.003"	"32.384"	"32.777"	"33.182"	"33.6"	"34.03"	"34.472"	"34.926"
"Not classified"	"INX"																					
"Ireland"	"IRL"	"59.155"	"59.399"	"59.649"	"59.925"	"60.202"	"60.477"	"60.738"	"60.94"	"61.141"	"61.342"	"61.542"	"61.742"	"61.942"	"62.141"	"62.34"	"62.538"	"62.737"	"62.947"	"63.17"	"63.405"	"63.653"
"Iran, Islamic Rep."	"IRN"	"64.042"	"64.758"	"65.468"	"66.172"	"66.869"	"67.558"	"68.239"	"68.864"	"69.458"	"70.045"	"70.626"	"71.2"	"71.755"	"72.295"	"72.83"	"73.358"	"73.88"	"74.394"	"74.898"	"75.391"	"75.874"
"Iraq"	"IRQ"	"68.496"	"68.55"	"68.604"	"68.658"	"68.712"	"68.766"	"68.819"	"68.873"	"68.927"	"68.98"	"69.103"	"69.268"	"69.432"	"69.595"	"69.758"	"69.921"	"70.094"	"70.278"	"70.473"	"70.678"	"70.893"
"Iceland"	"ISL"	"92.401"	"92.532"	"92.662"	"92.789"	"92.914"	"93.037"	"93.159"	"93.278"	"93.395"	"93.511"	"93.574"	"93.587"	"93.6"	"93.633"	"93.667"	"93.7"	"93.735"	"93.773"	"93.813"	"93.855"	"93.898"
"Israel"	"ISR"	"91.203"	"91.267"	"91.33"	"91.393"	"91.456"	"91.518"	"91.58"	"91.641"	"91.702"	"91.763"	"91.826"	"91.892"	"91.96"	"92.031"	"92.104"	"92.179"	"92.256"	"92.336"	"92.418"	"92.501"	"92.587"
"Italy"	"ITA"	"67.222"	"67.282"	"67.382"	"67.501"	"67.62"	"67.738"	"67.856"	"67.974"	"68.092"	"68.209"	"68.327"	"68.444"	"68.684"	"68.979"	"69.272"	"69.565"	"69.855"	"70.144"	"70.438"	"70.736"	"71.039"
"Jamaica"	"JAM"	"51.814"	"52.053"	"52.251"	"52.437"	"52.625"	"52.811"	"52.998"	"53.184"	"53.371"	"53.557"	"53.743"	"53.93"	"54.132"	"54.35"	"54.584"	"54.833"	"55.098"	"55.378"	"55.674"	"55.985"	"56.311"
"Jordan"	"JOR"	"78.27"	"78.283"	"78.296"	"78.308"	"78.321"	"79.485"	"80.97"	"82.371"	"83.692"	"84.928"	"86.088"	"87.172"	"88.185"	"89.125"	"90"	"90.256"	"90.506"	"90.747"	"90.979"	"91.203"	"91.418"
"Japan"	"JPN"	"78.649"	"79.99"	"81.647"	"83.196"	"84.64"	"85.978"	"87.118"	"88.146"	"89.103"	"89.989"	"90.812"	"91.069"	"91.148"	"91.226"	"91.304"	"91.381"	"91.457"	"91.535"	"91.616"	"91.698"	"91.782"
"Kazakhstan"	"KAZ"	"56.098"	"56.171"	"56.244"	"56.317"	"56.39"	"56.463"	"56.536"	"56.609"	"56.682"	"56.755"	"56.827"	"56.9"	"56.973"	"57.046"	"57.118"	"57.191"	"57.264"	"57.336"	"57.428"	"57.54"	"57.671"
"Kenya"	"KEN"	"19.892"	"20.239"	"20.591"	"20.948"	"21.31"	"21.675"	"22.045"	"22.42"	"22.8"	"23.183"	"23.571"	"23.969"	"24.376"	"24.794"	"25.221"	"25.658"	"26.105"	"26.562"	"27.03"	"27.507"	"27.995"
"Kyrgyz Republic"	"KGZ"	"35.298"	"35.296"	"35.295"	"35.293"	"35.292"	"35.29"	"35.289"	"35.287"	"35.285"	"35.284"	"35.306"	"35.352"	"35.423"	"35.517"	"35.635"	"35.777"	"35.944"	"36.135"	"36.351"	"36.591"	"36.856"
"Cambodia"	"KHM"	"18.586"	"18.703"	"18.82"	"18.937"	"19.055"	"19.174"	"19.293"	"19.413"	"19.571"	"19.93"	"20.294"	"20.663"	"21.037"	"21.415"	"21.799"	"22.188"	"22.582"	"22.98"	"23.388"	"23.805"	"24.232"
"Kiribati"	"KIR"	"42.958"	"43.473"	"43.492"	"43.512"	"43.532"	"43.551"	"44.03"	"44.866"	"45.706"	"46.547"	"47.39"	"48.235"	"49.082"	"49.927"	"50.773"	"51.619"	"52.45"	"53.262"	"54.057"	"54.835"	"55.594"
"St. Kitts and Nevis"	"KNA"	"32.778"	"32.598"	"32.455"	"32.312"	"32.17"	"32.028"	"31.886"	"31.744"	"31.603"	"31.463"	"31.322"	"31.182"	"31.062"	"30.964"	"30.885"	"30.827"	"30.79"	"30.773"	"30.776"	"30.799"	"30.843"
"Korea, Rep."	"KOR"	"79.621"	"79.94"	"80.299"	"80.652"	"81.002"	"81.345"	"81.528"	"81.631"	"81.733"	"81.835"	"81.936"	"81.923"	"81.851"	"81.779"	"81.707"	"81.634"	"81.562"	"81.503"	"81.459"	"81.43"	"81.414"
"Kuwait"	"KWT"	"99"	"99.908"	"100"	"100"	"100"	"100"	"100"	"100"	"100"	"100"	"100"	"100"	"100"	"100"	"100"	"100"	"100"	"100"	"100"	"100"	"100"
"Latin America & Caribbean (excluding high income)"	"LAC"	"74.3230069604934"	"74.6946905752931"	"75.0493918589296"	"75.4014035531856"	"75.7385406980829"	"76.0695069893421"	"76.3972998897817"	"76.72151425336"	"77.0392993001466"	"77.3493274965983"	"77.6538716214908"	"77.9594856375163"	"78.2597690921182"	"78.5538835019349"	"78.8445964548255"	"79.1317768893774"	"79.4148222446978"	"79.6939737669984"	"79.9697942759895"	"80.2432925045046"	"80.5144457701328"
"Lao PDR"	"LAO"	"21.977"	"22.993"	"24.044"	"25.126"	"26.242"	"27.186"	"27.748"	"28.316"	"28.893"	"29.475"	"30.064"	"30.66"	"31.264"	"31.872"	"32.487"	"33.108"	"33.736"	"34.368"	"35.004"	"35.645"	"36.29"
"Lebanon"	"LBN"	"86"	"86.118"	"86.24"	"86.366"	"86.494"	"86.627"	"86.762"	"86.901"	"87.042"	"87.187"	"87.334"	"87.484"	"87.636"	"87.79"	"87.947"	"88.106"	"88.266"	"88.429"	"88.593"	"88.758"	"88.925"
"Liberia"	"LBR"	"44.331"	"44.673"	"45.017"	"45.361"	"45.706"	"46.051"	"46.396"	"46.742"	"47.088"	"47.445"	"47.813"	"48.193"	"48.583"	"48.985"	"49.397"	"49.82"	"50.254"	"50.697"	"51.151"	"51.615"	"52.089"
"Libya"	"LBY"	"76.387"	"76.502"	"76.629"	"76.768"	"76.919"	"77.08"	"77.253"	"77.437"	"77.632"	"77.837"	"78.052"	"78.277"	"78.512"	"78.756"	"79.009"	"79.27"	"79.54"	"79.817"	"80.102"	"80.393"	"80.691"
"St. Lucia"	"LCA"	"27.774"	"27.473"	"26.329"	"25.216"	"24.133"	"23.085"	"22.068"	"21.084"	"20.131"	"19.213"	"18.45"	"18.45"	"18.45"	"18.461"	"18.482"	"18.515"	"18.558"	"18.612"	"18.678"	"18.754"	"18.841"
"Latin America & Caribbean"	"LCN"	"75.4782241099828"	"75.8369807661451"	"76.1665202762959"	"76.4882638228541"	"76.7965268771451"	"77.099008130836"	"77.3982633836542"	"77.6939553292037"	"77.983857073702"	"78.2670300370707"	"78.545693662852"	"78.8251638282323"	"79.0995239618685"	"79.3674574469158"	"79.6300603684876"	"79.8869109812213"	"80.1374393288353"	"80.3828961648737"	"80.6249912566537"	"80.8705575314776"	"81.1180900692709"
"Least developed countries: UN classification"	"LDC"	"25.0240862464724"	"25.4114486093288"	"25.8292722852181"	"26.2616887236452"	"26.6953838613323"	"27.1423974733397"	"27.5830159004281"	"27.978623239225"	"28.4652218862954"	"28.9611610105442"	"29.4653152188535"	"29.9767797460746"	"30.477682333076"	"30.9807513436239"	"31.4887127657359"	"32.0012691771684"	"32.5184850013261"	"33.0404618759473"	"33.5679658053133"	"34.1013504876956"	"34.6407348362421"
"Low income"	"LIC"	"27.2908366726336"	"27.527742259447"	"27.7662478996986"	"28.0013431744223"	"28.2454515166226"	"28.5171680964803"	"28.8039222305443"	"29.0174068660694"	"29.3722465543113"	"29.7229785672243"	"30.0635845642637"	"30.3359512402601"	"30.5796161061966"	"30.8275841342753"	"31.0944454590203"	"31.4385367070626"	"31.8016033447914"	"32.1827512605869"	"32.5842249292872"	"33.0070672194324"	"33.4508610838983"
"Liechtenstein"	"LIE"	"15.13"	"14.962"	"14.906"	"14.85"	"14.795"	"14.739"	"14.684"	"14.629"	"14.574"	"14.519"	"14.464"	"14.41"	"14.367"	"14.334"	"14.313"	"14.303"	"14.303"	"14.315"	"14.338"	"14.371"	"14.416"
"Sri Lanka"	"LKA"	"18.38"	"18.365"	"18.349"	"18.334"	"18.319"	"18.303"	"18.288"	"18.272"	"18.257"	"18.242"	"18.226"	"18.211"	"18.196"	"18.198"	"18.218"	"18.256"	"18.311"	"18.384"	"18.476"	"18.585"	"18.713"
"Lower middle income"	"LMC"	"33.7053932473765"	"34.0545745146935"	"34.4490259886669"	"34.8510908969031"	"35.2578535137335"	"35.6704633071166"	"36.0849249523525"	"36.5029351415357"	"36.9271256909735"	"37.3575291634683"	"37.7947045925278"	"38.2334186367083"	"38.6762806638527"	"39.1250709235042"	"39.5796134834251"	"40.0410970236895"	"40.5074667658816"	"40.9799429645949"	"41.4601417025795"	"41.9479881410446"	"42.4431319430444"
"Low & middle income"	"LMY"	"40.0555975221607"	"40.5767602630295"	"41.1459622186701"	"41.723014696274"	"42.303857076239"	"42.8889521840764"	"43.4647073851478"	"44.0289935768838"	"44.6078450770523"	"45.1879259406357"	"45.7695822497818"	"46.3263044621403"	"46.8734834608189"	"47.4201827879229"	"47.9682661308298"	"48.5208933977417"	"49.0733858188727"	"49.6245524958591"	"50.168112649354"	"50.7030887057976"	"51.2299378028054"
"Lesotho"	"LSO"	"19.548"	"20.067"	"20.597"	"21.137"	"21.689"	"22.249"	"22.82"	"23.304"	"23.796"	"24.293"	"24.798"	"25.31"	"25.704"	"26.101"	"26.502"	"26.908"	"27.317"	"27.73"	"28.153"	"28.585"	"29.028"
"Late-demographic dividend"	"LTE"	"45.6034030070629"	"46.4817608682569"	"47.4329222321879"	"48.402062706174"	"49.387582640182"	"50.3850681913506"	"51.3682877753235"	"52.3472161237326"	"53.3337437773922"	"54.3203851267014"	"55.3073775603597"	"56.2379074322106"	"57.1447631698177"	"58.0426746055128"	"58.9372018521088"	"59.8281078134308"	"60.7148516809681"	"61.5931958633125"	"62.4523682211919"	"63.2931496915898"	"64.1097903624904"
"Lithuania"	"LTU"	"66.986"	"66.919"	"66.828"	"66.737"	"66.646"	"66.635"	"66.706"	"66.777"	"66.848"	"66.842"	"66.757"	"66.741"	"66.864"	"66.986"	"67.108"	"67.23"	"67.366"	"67.516"	"67.679"	"67.855"	"68.046"
"Luxembourg"	"LUX"	"84.216"	"84.843"	"85.299"	"85.743"	"86.177"	"86.598"	"87.009"	"87.409"	"87.8"	"88.178"	"88.547"	"88.906"	"89.249"	"89.574"	"89.884"	"90.179"	"90.46"	"90.727"	"90.981"	"91.223"	"91.453"
"Latvia"	"LVA"	"68.067"	"67.95"	"67.85"	"67.8"	"67.9"	"68"	"67.967"	"67.9"	"67.834"	"67.814"	"67.841"	"67.869"	"67.897"	"67.925"	"67.952"	"67.98"	"68.021"	"68.075"	"68.142"	"68.222"	"68.315"
"Macao SAR, China"	"MAC"	"100"	"100"	"100"	"100"	"100"	"100"	"100"	"100"	"100"	"100"	"100"	"100"	"100"	"100"	"100"	"100"	"100"	"100"	"100"	"100"	"100"
"St. Martin (French part)"	"MAF"																					
"Morocco"	"MAR"	"53.335"	"53.662"	"53.99"	"54.317"	"54.644"	"55.174"	"55.746"	"56.317"	"56.886"	"57.452"	"58.018"	"58.581"	"59.142"	"59.7"	"60.256"	"60.809"	"61.36"	"61.908"	"62.453"	"62.994"	"63.532"
"Monaco"	"MCO"	"100"	"100"	"100"	"100"	"100"	"100"	"100"	"100"	"100"	"100"	"100"	"100"	"100"	"100"	"100"	"100"	"100"	"100"	"100"	"100"	"100"
"Moldova"	"MDA"	"44.589"	"44.189"	"43.789"	"43.389"	"42.99"	"42.775"	"42.744"	"42.713"	"42.682"	"42.651"	"42.62"	"42.589"	"42.558"	"42.527"	"42.496"	"42.49"	"42.511"	"42.557"	"42.629"	"42.726"	"42.849"
"Madagascar"	"MDG"	"27.121"	"27.391"	"27.663"	"27.936"	"28.211"	"28.814"	"29.425"	"30.043"	"30.67"	"31.301"	"31.938"	"32.58"	"33.227"	"33.878"	"34.534"	"35.193"	"35.856"	"36.522"	"37.191"	"37.861"	"38.534"
"Maldives"	"MDV"	"27.706"	"28.859"	"30.042"	"31.252"	"32.49"	"33.75"	"34.794"	"35.2"	"35.61"	"36.021"	"36.434"	"36.849"	"37.267"	"37.685"	"38.106"	"38.529"	"38.954"	"39.38"	"39.808"	"40.238"	"40.669"
"Middle East & North Africa"	"MEA"	"58.595673908684"	"58.9717105676017"	"59.3429539427992"	"59.7163398298785"	"60.098188111351"	"60.5241568832915"	"60.9667316667018"	"61.3951846545032"	"61.8161737581101"	"62.2380073747348"	"62.6566219963199"	"63.0019834611492"	"63.340248808382"	"63.6742762941818"	"64.0000455246673"	"64.3709008546207"	"64.7196042662877"	"65.0527264346094"	"65.3722058478715"	"65.6787446510615"	"65.9741365430288"
"Mexico"	"MEX"	"74.722"	"75.045"	"75.365"	"75.682"	"75.997"	"76.308"	"76.616"	"76.92"	"77.222"	"77.52"	"77.815"	"78.111"	"78.405"	"78.699"	"78.993"	"79.285"	"79.577"	"79.867"	"80.156"	"80.444"	"80.731"
"Marshall Islands"	"MHL"	"68.58"	"69.101"	"69.618"	"70.13"	"70.637"	"71.138"	"71.635"	"72.126"	"72.613"	"73.093"	"73.568"	"74.038"	"74.498"	"74.946"	"75.384"	"75.811"	"76.228"	"76.634"	"77.031"	"77.417"	"77.794"
"Middle income"	"MIC"	"41.1235867364784"	"41.6852977062537"	"42.3008365502834"	"42.9269027110106"	"43.5578649867198"	"44.1923356746435"	"44.8166481983492"	"45.4366670533443"	"46.060251845153"	"46.6858919725557"	"47.3143694570843"	"47.9221868347612"	"48.5227100763781"	"49.122862796111"	"49.723797872473"	"50.3232596892906"	"50.9219516844884"	"51.5186265137214"	"52.1067325070674"	"52.6851071291785"	"53.2540087652637"
"North Macedonia"	"MKD"	"58.548"	"58.339"	"58.13"	"57.921"	"57.711"	"57.532"	"57.383"	"57.264"	"57.175"	"57.117"	"57.089"	"57.092"	"57.125"	"57.189"	"57.284"	"57.408"	"57.563"	"57.748"	"57.963"	"58.208"	"58.482"
"Mali"	"MLI"	"28.356"	"29.075"	"29.806"	"30.547"	"31.3"	"32.06"	"32.832"	"33.612"	"34.403"	"35.2"	"35.999"	"36.799"	"37.599"	"38.398"	"39.196"	"39.991"	"40.783"	"41.572"	"42.356"	"43.136"	"43.909"
"Malta"	"MLT"	"92.368"	"92.641"	"92.905"	"93.16"	"93.407"	"93.645"	"93.784"	"93.857"	"93.929"	"94.001"	"94.072"	"94.141"	"94.211"	"94.279"	"94.347"	"94.414"	"94.48"	"94.546"	"94.612"	"94.678"	"94.744"
"Myanmar"	"MMR"	"27.025"	"27.208"	"27.391"	"27.575"	"27.76"	"27.946"	"28.132"	"28.319"	"28.507"	"28.695"	"28.885"	"29.075"	"29.266"	"29.457"	"29.65"	"29.858"	"30.082"	"30.322"	"30.579"	"30.852"	"31.141"
"Middle East & North Africa (excluding high income)"	"MNA"	"55.4468289053457"	"55.8095573322798"	"56.1739036437712"	"56.5354731579456"	"56.8891048362074"	"57.2716614684189"	"57.6536015732943"	"58.0053164428995"	"58.3442949942863"	"58.6889092997266"	"59.050954739784"	"59.342410272166"	"59.6374106288218"	"59.9401022516086"	"60.241577522413"	"60.6016311045816"	"60.9418871269557"	"61.2710150776023"	"61.5912462323821"	"61.903399869277"	"62.2098285066013"
"Montenegro"	"MNE"	"58.544"	"59.559"	"60.568"	"61.568"	"62.127"	"62.465"	"62.803"	"63.139"	"63.475"	"63.808"	"64.14"	"64.472"	"64.804"	"65.137"	"65.471"	"65.806"	"66.141"	"66.477"	"66.813"	"67.15"	"67.488"
"Mongolia"	"MNG"	"57.133"	"58.222"	"59.304"	"60.378"	"61.443"	"62.494"	"63.535"	"64.564"	"65.581"	"66.58"	"67.567"	"67.963"	"68.03"	"68.097"	"68.163"	"68.23"	"68.297"	"68.363"	"68.445"	"68.543"	"68.657"
"Northern Mariana Islands"	"MNP"	"90.152"	"90.235"	"90.316"	"90.398"	"90.478"	"90.558"	"90.638"	"90.716"	"90.795"	"90.872"	"90.949"	"91.028"	"91.108"	"91.19"	"91.273"	"91.357"	"91.443"	"91.53"	"91.618"	"91.708"	"91.798"
"Mozambique"	"MOZ"	"29.098"	"29.277"	"29.457"	"29.637"	"29.818"	"29.999"	"30.182"	"30.364"	"30.832"	"31.328"	"31.83"	"32.336"	"32.846"	"33.36"	"33.878"	"34.4"	"34.926"	"35.455"	"35.988"	"36.528"	"37.074"
"Mauritania"	"MRT"	"38.091"	"38.616"	"39.48"	"40.351"	"41.229"	"42.111"	"42.998"	"43.89"	"44.788"	"45.686"	"46.588"	"47.493"	"48.4"	"49.306"	"50.203"	"51.089"	"51.962"	"52.824"	"53.672"	"54.507"	"55.327"
"Mauritius"	"MUS"	"42.67"	"42.559"	"42.447"	"42.335"	"42.223"	"42.112"	"42"	"41.889"	"41.777"	"41.666"	"41.555"	"41.444"	"41.332"	"41.222"	"41.111"	"41"	"40.91"	"40.841"	"40.793"	"40.766"	"40.76"
"Malawi"	"MWI"	"14.61"	"14.698"	"14.786"	"14.875"	"14.964"	"15.054"	"15.144"	"15.235"	"15.326"	"15.429"	"15.544"	"15.672"	"15.812"	"15.966"	"16.132"	"16.313"	"16.506"	"16.714"	"16.937"	"17.174"	"17.427"
"Malaysia"	"MYS"	"61.977"	"62.922"	"63.856"	"64.78"	"65.694"	"66.594"	"67.483"	"68.36"	"69.225"	"70.075"	"70.912"	"71.609"	"72.275"	"72.93"	"73.577"	"74.213"	"74.84"	"75.447"	"76.036"	"76.607"	"77.16"
"North America"	"NAC"	"79.102424122048"	"79.2946418428749"	"79.46014242817"	"79.6247761798829"	"79.789293363425"	"79.9510092230201"	"80.1140965269405"	"80.2853299051227"	"80.4555795945244"	"80.624752343843"	"80.7919856371466"	"80.9626420370896"	"81.1243012236089"	"81.2903741868684"	"81.459871950822"	"81.6330936928194"	"81.8087700069008"	"81.989639701161"	"82.1730642609769"	"82.3617079816715"	"82.5530665548055"
"Namibia"	"NAM"	"32.373"	"32.898"	"33.766"	"34.709"	"35.666"	"36.632"	"37.61"	"38.598"	"39.597"	"40.601"	"41.616"	"42.637"	"43.693"	"44.756"	"45.826"	"46.9"	"47.961"	"49.005"	"50.032"	"51.042"	"52.033"
"New Caledonia"	"NCL"	"61.919"	"62.276"	"62.632"	"62.987"	"63.341"	"63.965"	"64.638"	"65.306"	"65.969"	"66.624"	"67.102"	"67.565"	"68.024"	"68.479"	"68.931"	"69.379"	"69.821"	"70.256"	"70.683"	"71.104"	"71.518"
"Niger"	"NER"	"16.186"	"16.26"	"16.255"	"16.251"	"16.247"	"16.242"	"16.238"	"16.234"	"16.229"	"16.225"	"16.221"	"16.216"	"16.212"	"16.208"	"16.219"	"16.247"	"16.29"	"16.35"	"16.425"	"16.517"	"16.626"
"Nigeria"	"NGA"	"34.84"	"35.669"	"36.508"	"37.356"	"38.212"	"39.074"	"39.943"	"40.819"	"41.702"	"42.588"	"43.48"	"44.366"	"45.246"	"46.118"	"46.982"	"47.838"	"48.683"	"49.519"	"50.344"	"51.157"	"51.958"
"Nicaragua"	"NIC"	"55.185"	"55.335"	"55.484"	"55.633"	"55.782"	"55.935"	"56.132"	"56.328"	"56.525"	"56.721"	"56.917"	"57.113"	"57.309"	"57.505"	"57.7"	"57.895"	"58.09"	"58.299"	"58.522"	"58.76"	"59.012"
"Netherlands"	"NLD"	"76.795"	"77.83"	"79.113"	"80.341"	"81.514"	"82.63"	"83.636"	"84.539"	"85.402"	"86.288"	"87.134"	"87.879"	"88.588"	"89.187"	"89.69"	"90.173"	"90.635"	"91.077"	"91.49"	"91.876"	"92.236"
"Norway"	"NOR"	"76.02"	"76.378"	"76.733"	"77.084"	"77.399"	"77.675"	"77.95"	"78.234"	"78.526"	"78.815"	"79.102"	"79.455"	"79.874"	"80.286"	"80.692"	"81.091"	"81.485"	"81.871"	"82.248"	"82.616"	"82.974"
"Nepal"	"NPL"	"13.397"	"13.947"	"14.24"	"14.538"	"14.841"	"15.149"	"15.462"	"15.781"	"16.105"	"16.434"	"16.768"	"17.108"	"17.458"	"17.815"	"18.182"	"18.557"	"18.942"	"19.336"	"19.74"	"20.153"	"20.576"
"Nauru"	"NRU"	"100"	"100"	"100"	"100"	"100"	"100"	"100"	"100"	"100"	"100"	"100"	"100"	"100"	"100"	"100"	"100"	"100"	"100"	"100"	"100"	"100"
"New Zealand"	"NZL"	"86.021"	"86.1"	"86.161"	"86.221"	"86.281"	"86.341"	"86.4"	"86.34"	"86.28"	"86.22"	"86.16"	"86.1"	"86.161"	"86.221"	"86.281"	"86.341"	"86.4"	"86.466"	"86.538"	"86.615"	"86.699"
"OECD members"	"OED"	"75.609939901292"	"75.9590765159668"	"76.3617261368699"	"76.7449734609509"	"77.1132846344231"	"77.4675519135492"	"77.7956345152121"	"78.1059398929283"	"78.4076811129928"	"78.7004396240362"	"78.9865825881438"	"79.2116552636524"	"79.4075483841253"	"79.6005169160655"	"79.7928486168573"	"79.989445595505"	"80.1882793803038"	"80.3901854906967"	"80.5946469613178"	"80.8064657265356"	"81.01559004659"
"Oman"	"OMN"	"71.569"	"71.549"	"71.529"	"71.509"	"71.827"	"72.4"	"72.967"	"73.527"	"74.08"	"74.624"	"75.161"	"76.183"	"77.564"	"78.882"	"80.145"	"81.35"	"82.5"	"83.56"	"84.539"	"85.443"	"86.276"
"Other small states"	"OSS"	"49.820968024839"	"50.3641810346635"	"50.9250211015279"	"51.5285341171453"	"52.1901118807659"	"52.9366368008662"	"53.757606795457"	"54.7098583432284"	"55.6894359376012"	"56.6215912042383"	"57.4766566114015"	"58.2467394024647"	"58.9123000992423"	"59.497379818464"	"60.0547701007099"	"60.595385597508"	"61.1179415692493"	"61.6244248601129"	"62.1181903537622"	"62.5972392002502"	"63.0624654450756"
"Pakistan"	"PAK"	"32.982"	"33.18"	"33.38"	"33.58"	"33.781"	"33.982"	"34.184"	"34.387"	"34.59"	"34.793"	"34.997"	"35.202"	"35.408"	"35.613"	"35.819"	"36.026"	"36.234"	"36.442"	"36.666"	"36.907"	"37.165"
"Panama"	"PAN"	"62.198"	"62.497"	"62.794"	"63.091"	"63.387"	"63.682"	"63.976"	"64.268"	"64.56"	"64.851"	"65.14"	"65.437"	"65.741"	"66.052"	"66.371"	"66.696"	"67.027"	"67.365"	"67.709"	"68.059"	"68.414"
"Peru"	"PER"	"73.042"	"73.448"	"73.85"	"74.249"	"74.644"	"75.034"	"75.421"	"75.803"	"76.052"	"76.241"	"76.43"	"76.617"	"76.804"	"76.989"	"77.173"	"77.357"	"77.539"	"77.72"	"77.907"	"78.099"	"78.297"
"Philippines"	"PHL"	"46.135"	"46.05"	"45.965"	"45.88"	"45.795"	"45.71"	"45.625"	"45.54"	"45.455"	"45.371"	"45.332"	"45.522"	"45.712"	"45.903"	"46.093"	"46.284"	"46.475"	"46.682"	"46.907"	"47.149"	"47.408"
"Palau"	"PLW"	"70.338"	"70.093"	"69.847"	"69.6"	"70.383"	"71.152"	"71.91"	"72.655"	"73.389"	"74.109"	"74.817"	"75.511"	"76.194"	"76.862"	"77.517"	"78.159"	"78.775"	"79.365"	"79.93"	"80.47"	"80.988"
"Papua New Guinea"	"PNG"	"13.204"	"13.182"	"13.164"	"13.146"	"13.127"	"13.109"	"13.091"	"13.073"	"13.055"	"13.037"	"13.019"	"13"	"12.982"	"12.978"	"12.988"	"13.012"	"13.05"	"13.102"	"13.169"	"13.25"	"13.345"
"Poland"	"POL"	"61.716"	"61.761"	"61.787"	"61.676"	"61.564"	"61.452"	"61.341"	"61.229"	"61.116"	"61.004"	"60.892"	"60.78"	"60.654"	"60.529"	"60.403"	"60.278"	"60.178"	"60.105"	"60.058"	"60.037"	"60.043"
"Pre-demographic dividend"	"PRE"	"32.0690511372989"	"32.5118268726166"	"32.9591151475834"	"33.4274671394699"	"33.903306393749"	"34.3938644163325"	"34.8768851355472"	"35.3034956254106"	"35.8148474075797"	"36.3355037972646"	"36.8724271691792"	"37.422174900995"	"37.9619946628962"	"38.5052126115133"	"39.0497448982805"	"39.5938909046426"	"40.1368250898923"	"40.6807801717709"	"41.2269010248399"	"41.7764538297004"	"42.3304784703917"
"Puerto Rico"	"PRI"	"94.387"	"94.333"	"94.278"	"94.224"	"94.168"	"94.112"	"94.056"	"93.999"	"93.942"	"93.884"	"93.825"	"93.773"	"93.726"	"93.686"	"93.651"	"93.624"	"93.602"	"93.587"	"93.578"	"93.576"	"93.581"
"Korea, Dem. People's Rep."	"PRK"	"59.412"	"59.491"	"59.57"	"59.648"	"59.727"	"59.805"	"59.884"	"59.962"	"60.04"	"60.195"	"60.377"	"60.557"	"60.738"	"60.918"	"61.098"	"61.277"	"61.471"	"61.678"	"61.899"	"62.134"	"62.381"
"Portugal"	"PRT"	"54.399"	"55.044"	"55.666"	"56.287"	"56.907"	"57.522"	"58.137"	"58.749"	"59.359"	"59.964"	"60.567"	"61.167"	"61.763"	"62.352"	"62.936"	"63.514"	"64.086"	"64.652"	"65.211"	"65.764"	"66.31"
"Paraguay"	"PRY"	"55.331"	"55.966"	"56.6"	"56.977"	"57.305"	"57.633"	"57.96"	"58.286"	"58.612"	"58.937"	"59.261"	"59.584"	"59.907"	"60.197"	"60.474"	"60.75"	"61.026"	"61.3"	"61.585"	"61.879"	"62.183"
"West Bank and Gaza"	"PSE"	"71.969"	"72.189"	"72.409"	"72.627"	"72.845"	"73.061"	"73.276"	"73.491"	"73.704"	"73.923"	"74.149"	"74.381"	"74.619"	"74.863"	"75.113"	"75.368"	"75.628"	"75.894"	"76.164"	"76.44"	"76.719"
"Pacific island small states"	"PSS"	"34.5439247527709"	"34.756357259801"	"34.9209884003268"	"35.0776714732139"	"35.255790414726"	"35.4489957045965"	"35.6830671148255"	"35.950778105529"	"36.2629111962526"	"36.5766733081341"	"36.8584827368053"	"37.108095858789"	"37.3348040662925"	"37.5467480324119"	"37.7607964638714"	"37.986049868753"	"38.2238780254713"	"38.4719570528898"	"38.7309150918652"	"38.9939896371331"	"39.2578875204729"
"Post-demographic dividend"	"PST"	"76.4692789873574"	"76.8154446484328"	"77.2220992794191"	"77.6109498112783"	"77.9863183460934"	"78.3472643886462"	"78.6774860261396"	"78.9883067374232"	"79.2894849154331"	"79.5779276769457"	"79.8551062252813"	"80.0639813067172"	"80.2373387829583"	"80.4049540747021"	"80.5730743693386"	"80.7460503936049"	"80.9206838973627"	"81.0987591190016"	"81.2801668749662"	"81.4714152214052"	"81.6563408983992"
"French Polynesia"	"PYF"	"56.047"	"55.967"	"55.888"	"56.242"	"56.831"	"57.417"	"58.002"	"58.585"	"59.166"	"59.742"	"60.317"	"60.889"	"61.459"	"61.583"	"61.633"	"61.683"	"61.734"	"61.784"	"61.834"	"61.897"	"61.975"
"Qatar"	"QAT"	"96.311"	"96.506"	"96.692"	"96.868"	"97.09"	"97.396"	"97.671"	"97.917"	"98.139"	"98.336"	"98.501"	"98.602"	"98.697"	"98.785"	"98.868"	"98.945"	"99.015"	"99.078"	"99.135"	"99.188"	"99.235"
"Romania"	"ROU"	"53.004"	"52.852"	"52.78"	"52.912"	"53.043"	"53.174"	"53.305"	"53.436"	"53.567"	"53.698"	"53.829"	"53.96"	"53.974"	"53.937"	"53.9"	"53.887"	"53.9"	"53.936"	"53.998"	"54.084"	"54.194"
"Russian Federation"	"RUS"	"73.35"	"73.346"	"73.341"	"73.373"	"73.418"	"73.463"	"73.508"	"73.553"	"73.598"	"73.642"	"73.687"	"73.732"	"73.791"	"73.863"	"73.95"	"74.05"	"74.164"	"74.292"	"74.433"	"74.587"	"74.754"
"Rwanda"	"RWA"	"14.926"	"15.829"	"16.777"	"16.904"	"16.908"	"16.912"	"16.917"	"16.921"	"16.925"	"16.93"	"16.934"	"16.938"	"16.943"	"16.947"	"16.967"	"17.004"	"17.056"	"17.125"	"17.211"	"17.313"	"17.432"
"South Asia"	"SAS"	"27.3813026943349"	"27.6535385063263"	"27.9916967099737"	"28.3321712143809"	"28.6773287435044"	"29.0258642633415"	"29.3778274800509"	"29.7336381476154"	"30.0929785599811"	"30.4539448451887"	"30.8173672554446"	"31.1838932849568"	"31.5607093837822"	"31.9444485923887"	"32.3368479308894"	"32.7375612918289"	"33.1463212306561"	"33.5641289593821"	"33.9923519914099"	"34.4318973424611"	"34.8822931298263"
"Saudi Arabia"	"SAU"	"79.848"	"80.077"	"80.304"	"80.53"	"80.754"	"80.979"	"81.204"	"81.427"	"81.649"	"81.867"	"82.084"	"82.302"	"82.52"	"82.74"	"82.96"	"83.18"	"83.401"	"83.622"	"83.844"	"84.065"	"84.287"
"Sudan"	"SDN"	"32.495"	"32.548"	"32.601"	"32.654"	"32.707"	"32.76"	"32.813"	"32.866"	"32.919"	"32.993"	"33.089"	"33.207"	"33.346"	"33.507"	"33.689"	"33.894"	"34.121"	"34.37"	"34.642"	"34.936"	"35.253"
"Senegal"	"SEN"	"40.32"	"40.464"	"40.607"	"40.898"	"41.306"	"41.714"	"42.124"	"42.535"	"42.947"	"43.359"	"43.773"	"44.188"	"44.603"	"45.019"	"45.436"	"45.862"	"46.296"	"46.74"	"47.192"	"47.653"	"48.122"
"Singapore"	"SGP"	"100"	"100"	"100"	"100"	"100"	"100"	"100"	"100"	"100"	"100"	"100"	"100"	"100"	"100"	"100"	"100"	"100"	"100"	"100"	"100"	"100"
"Solomon Islands"	"SLB"	"15.813"	"16.201"	"16.597"	"17.001"	"17.413"	"17.832"	"18.259"	"18.694"	"19.138"	"19.589"	"20.048"	"20.508"	"20.97"	"21.433"	"21.896"	"22.36"	"22.823"	"23.286"	"23.749"	"24.21"	"24.67"
"Sierra Leone"	"SLE"	"35.626"	"35.867"	"36.109"	"36.352"	"36.596"	"36.919"	"37.303"	"37.689"	"38.077"	"38.466"	"38.856"	"39.248"	"39.642"	"40.036"	"40.432"	"40.829"	"41.228"	"41.636"	"42.055"	"42.484"	"42.923"
"El Salvador"	"SLV"	"58.912"	"59.464"	"60.014"	"60.561"	"61.107"	"61.648"	"62.187"	"62.774"	"63.678"	"64.57"	"65.452"	"66.325"	"67.187"	"68.036"	"68.874"	"69.7"	"70.501"	"71.275"	"72.023"	"72.746"	"73.444"
"San Marino"	"SMR"	"93.44"	"93.75"	"93.925"	"93.975"	"94.155"	"94.453"	"94.736"	"95.007"	"95.264"	"95.508"	"95.74"	"95.961"	"96.171"	"96.37"	"96.559"	"96.739"	"96.91"	"97.072"	"97.226"	"97.368"	"97.499"
"Somalia"	"SOM"	"33.247"	"33.617"	"33.99"	"34.756"	"35.531"	"36.311"	"37.1"	"34.404"	"36.011"	"37.645"	"39.31"	"41"	"41.558"	"42.117"	"42.679"	"43.245"	"43.816"	"44.391"	"44.971"	"45.554"	"46.141"
"Serbia"	"SRB"	"52.769"	"52.992"	"53.215"	"53.437"	"53.661"	"53.883"	"54.105"	"54.328"	"54.55"	"54.772"	"54.993"	"55.215"	"55.356"	"55.469"	"55.583"	"55.696"	"55.81"	"55.942"	"56.092"	"56.26"	"56.446"
"Sub-Saharan Africa (excluding high income)"	"SSA"	"31.3513221821924"	"31.7780838058473"	"32.2181327629926"	"32.6630065037533"	"33.1136477542562"	"33.5772801784316"	"34.0374449879619"	"34.4562084508458"	"34.9637275527193"	"35.4762315234205"	"35.996591747836"	"36.5221601373406"	"37.0355493833466"	"37.5494365680263"	"38.0674639792151"	"38.5894961901823"	"39.1147062847299"	"39.6433422532013"	"40.1756037415302"	"40.7113315994252"	"41.2507300248977"
"South Sudan"	"SSD"	"16.504"	"16.632"	"16.761"	"16.891"	"17.023"	"17.154"	"17.287"	"17.42"	"17.555"	"17.701"	"17.86"	"18.032"	"18.217"	"18.415"	"18.626"	"18.852"	"19.092"	"19.346"	"19.615"	"19.899"	"20.199"
"Sub-Saharan Africa"	"SSF"	"31.353649029344"	"31.78032716044"	"32.2203609300692"	"32.6651297528839"	"33.1156872824967"	"33.5792555083294"	"34.0393909526496"	"34.4581013456084"	"34.9655930856004"	"35.47803732286"	"35.9983829028348"	"36.5238440332946"	"37.0371932383099"	"37.5510568759617"	"38.0690575538266"	"38.5910737752434"	"39.1162540614806"	"39.644858862013"	"40.177085735276"	"40.7127786270592"	"41.2521423477946"
"Small states"	"SST"	"48.8956120453372"	"49.3171298271447"	"49.7410825203442"	"50.1937524979721"	"50.6927148644591"	"51.2569674549971"	"51.8841816562397"	"52.6162368211405"	"53.3784560239081"	"54.1106578106823"	"54.7873131904869"	"55.4038029592778"	"55.9502008200991"	"56.4386202477449"	"56.9104114963435"	"57.3748906573575"	"57.8307513740486"	"58.2793380775549"	"58.7226144139355"	"59.1572836654335"	"59.5830710084345"
"Sao Tome and Principe"	"STP"	"53.424"	"54.377"	"55.555"	"56.766"	"57.972"	"59.165"	"60.348"	"61.52"	"62.68"	"63.823"	"64.952"	"66.064"	"67.16"	"68.208"	"69.213"	"70.174"	"71.092"	"71.968"	"72.803"	"73.598"	"74.354"
"Suriname"	"SUR"	"66.444"	"66.517"	"66.591"	"66.664"	"66.737"	"66.682"	"66.615"	"66.547"	"66.479"	"66.412"	"66.344"	"66.276"	"66.208"	"66.14"	"66.089"	"66.056"	"66.04"	"66.041"	"66.06"	"66.095"	"66.149"
"Slovak Republic"	"SVK"	"56.233"	"56.163"	"56.013"	"55.863"	"55.713"	"55.563"	"55.412"	"55.261"	"55.111"	"54.96"	"54.685"	"54.42"	"54.28"	"54.14"	"54"	"53.889"	"53.806"	"53.751"	"53.726"	"53.729"	"53.76"
"Slovenia"	"SVN"	"50.754"	"50.78"	"50.857"	"51.082"	"51.308"	"51.533"	"51.758"	"51.983"	"52.209"	"52.433"	"52.658"	"52.883"	"53.108"	"53.332"	"53.557"	"53.781"	"54.02"	"54.273"	"54.541"	"54.822"	"55.118"
"Sweden"	"SWE"	"84.026"	"84.071"	"84.133"	"84.196"	"84.258"	"84.319"	"84.43"	"84.588"	"84.746"	"84.902"	"85.056"	"85.297"	"85.62"	"85.936"	"86.247"	"86.553"	"86.852"	"87.146"	"87.431"	"87.708"	"87.977"
"Eswatini"	"SWZ"	"22.686"	"22.555"	"22.425"	"22.296"	"22.166"	"22.038"	"21.91"	"21.829"	"22.045"	"22.262"	"22.48"	"22.7"	"22.849"	"22.999"	"23.149"	"23.3"	"23.459"	"23.625"	"23.799"	"23.981"	"24.171"
"Sint Maarten (Dutch part)"	"SXM"	"100"	"100"	"100"	"100"	"100"	"100"	"100"	"100"	"100"	"100"	"100"	"100"	"100"	"100"	"100"	"100"	"100"	"100"	"100"	"100"	"100"
"Seychelles"	"SYC"	"50.433"	"50.646"	"50.876"	"51.123"	"51.388"	"51.67"	"51.969"	"52.285"	"52.619"	"52.969"	"53.336"	"53.72"	"54.12"	"54.537"	"54.969"	"55.4"	"55.831"	"56.261"	"56.691"	"57.119"	"57.546"
"Syrian Arab Republic"	"SYR"	"51.947"	"52.314"	"52.682"	"53.049"	"53.417"	"53.782"	"54.146"	"54.511"	"54.875"	"55.237"	"55.6"	"54.58"	"53.555"	"52.529"	"51.5"	"52.168"	"52.835"	"53.5"	"54.162"	"54.821"	"55.475"
"Turks and Caicos Islands"	"TCA"	"84.55"	"85.362"	"86.007"	"86.608"	"87.188"	"87.745"	"88.281"	"88.797"	"89.294"	"89.77"	"90.228"	"90.668"	"91.09"	"91.483"	"91.851"	"92.195"	"92.517"	"92.817"	"93.098"	"93.36"	"93.605"
"Chad"	"TCD"	"21.637"	"21.67"	"21.702"	"21.735"	"21.768"	"21.801"	"21.834"	"21.868"	"21.901"	"21.934"	"21.985"	"22.054"	"22.142"	"22.248"	"22.372"	"22.515"	"22.677"	"22.858"	"23.059"	"23.279"	"23.52"
"East Asia & Pacific (IDA & IBRD countries)"	"TEA"	"36.2710640960853"	"37.3122875906254"	"38.4348225949036"	"39.5696994114798"	"40.7156303044194"	"41.8659178303486"	"42.9913249792382"	"44.1044819768655"	"45.2224935686867"	"46.3398826104521"	"47.4581710692733"	"48.5107757136616"	"49.5351138402218"	"50.5524842029215"	"51.5670288875023"	"52.5770529823031"	"53.5836056492911"	"54.5815243525554"	"55.5549922537758"	"56.5005639092479"	"57.4197244466078"
"Europe & Central Asia (IDA & IBRD countries)"	"TEC"	"63.5969222384994"	"63.713334140443"	"63.8498251274686"	"64.0020141003272"	"64.1609230658975"	"64.3239131593065"	"64.4884695857589"	"64.66120430195"	"64.8329500086101"	"65.0013132298176"	"65.1587594227109"	"65.3007070354371"	"65.4345307232695"	"65.5693309894834"	"65.7073455638721"	"65.8518507603199"	"66.004224938031"	"66.1640106149933"	"66.3302566347505"	"66.500790001493"	"66.6757012530986"
"Togo"	"TGO"	"32.907"	"33.356"	"33.809"	"34.265"	"34.724"	"35.185"	"35.649"	"36.116"	"36.587"	"37.058"	"37.533"	"38.032"	"38.546"	"39.061"	"39.579"	"40.1"	"40.628"	"41.162"	"41.702"	"42.248"	"42.8"
"Thailand"	"THA"	"31.386"	"32.548"	"33.734"	"34.941"	"36.169"	"37.411"	"38.673"	"39.95"	"41.242"	"42.543"	"43.856"	"44.698"	"45.445"	"46.193"	"46.943"	"47.694"	"48.448"	"49.2"	"49.949"	"50.692"	"51.43"
"Tajikistan"	"TJK"	"26.501"	"26.503"	"26.505"	"26.507"	"26.508"	"26.51"	"26.512"	"26.514"	"26.516"	"26.518"	"26.52"	"26.521"	"26.545"	"26.589"	"26.655"	"26.742"	"26.851"	"26.982"	"27.134"	"27.309"	"27.506"
"Turkmenistan"	"TKM"	"45.913"	"46.137"	"46.362"	"46.587"	"46.812"	"47.052"	"47.308"	"47.581"	"47.868"	"48.172"	"48.491"	"48.825"	"49.175"	"49.541"	"49.921"	"50.317"	"50.728"	"51.153"	"51.593"	"52.048"	"52.516"
"Latin America & the Caribbean (IDA & IBRD countries)"	"TLA"	"75.3523871272298"	"75.7193986774255"	"76.0561835487729"	"76.3861773448338"	"76.7035690709348"	"77.0149769943966"	"77.3231409556333"	"77.6275748635286"	"77.9258212505"	"78.2169194744673"	"78.5031591292819"	"78.790615516409"	"79.072554865034"	"79.348424785963"	"79.6192160451009"	"79.8838585219983"	"80.1418610249729"	"80.3944862601426"	"80.6442326794344"	"80.8943487326243"	"81.1461034090423"
"Timor-Leste"	"TLS"	"24.263"	"24.619"	"24.979"	"25.343"	"25.71"	"26.041"	"26.374"	"26.709"	"27.048"	"27.389"	"27.732"	"28.079"	"28.428"	"28.779"	"29.133"	"29.49"	"29.85"	"30.212"	"30.578"	"30.947"	"31.32"
"Middle East & North Africa (IDA & IBRD countries)"	"TMN"	"55.2721265048531"	"55.6349730905346"	"55.9994420787757"	"56.3611248055101"	"56.7147910633724"	"57.0977372858261"	"57.4800946623992"	"57.831915854235"	"58.1705678438998"	"58.5150293327256"	"58.877200710604"	"59.1680615411741"	"59.4625617336048"	"59.7648894153649"	"60.0659848388418"	"60.4263383720549"	"60.7666183992078"	"61.0959635981215"	"61.4152773389338"	"61.7263899498926"	"62.0317464319283"
"Tonga"	"TON"	"23.012"	"23.041"	"23.069"	"23.098"	"23.127"	"23.155"	"23.184"	"23.227"	"23.281"	"23.335"	"23.389"	"23.443"	"23.435"	"23.382"	"23.328"	"23.275"	"23.222"	"23.169"	"23.131"	"23.107"	"23.099"
"South Asia (IDA & IBRD)"	"TSA"	"27.3813026943349"	"27.6535385063263"	"27.9916967099737"	"28.3321712143809"	"28.6773287435044"	"29.0258642633415"	"29.3778274800509"	"29.7336381476154"	"30.0929785599811"	"30.4539448451887"	"30.8173672554446"	"31.1838932849568"	"31.5607093837822"	"31.9444485923887"	"32.3368479308894"	"32.7375612918289"	"33.1463212306561"	"33.5641289593821"	"33.9923519914099"	"34.4318973424611"	"34.8822931298263"
"Sub-Saharan Africa (IDA & IBRD countries)"	"TSS"	"31.353649029344"	"31.78032716044"	"32.2203609300692"	"32.6651297528839"	"33.1156872824967"	"33.5792555083293"	"34.0393909526496"	"34.4581013456084"	"34.9655930856004"	"35.47803732286"	"35.9983829028348"	"36.5238440332946"	"37.0371932383099"	"37.5510568759617"	"38.0690575538266"	"38.5910737752434"	"39.1162540614806"	"39.644858862013"	"40.177085735276"	"40.7127786270592"	"41.2521423477946"
"Trinidad and Tobago"	"TTO"	"55.905"	"55.718"	"55.53"	"55.343"	"55.155"	"54.967"	"54.779"	"54.59"	"54.402"	"54.213"	"54.025"	"53.836"	"53.671"	"53.53"	"53.413"	"53.319"	"53.25"	"53.205"	"53.184"	"53.187"	"53.214"
"Tunisia"	"TUN"	"63.432"	"63.818"	"64.202"	"64.585"	"64.95"	"65.237"	"65.524"	"65.809"	"66.093"	"66.376"	"66.657"	"66.938"	"67.218"	"67.495"	"67.772"	"68.056"	"68.346"	"68.642"	"68.945"	"69.254"	"69.568"
"Turkey"	"TUR"	"64.741"	"65.34"	"65.974"	"66.602"	"67.225"	"67.84"	"68.45"	"69.053"	"69.651"	"70.241"	"70.825"	"71.402"	"71.974"	"72.531"	"73.077"	"73.611"	"74.134"	"74.644"	"75.143"	"75.63"	"76.105"
"Tuvalu"	"TUV"	"46.018"	"46.429"	"46.841"	"47.656"	"48.678"	"49.699"	"50.721"	"51.743"	"52.765"	"53.782"	"54.796"	"55.807"	"56.815"	"57.814"	"58.786"	"59.73"	"60.645"	"61.53"	"62.387"	"63.215"	"64.014"
"Tanzania"	"TZA"	"22.309"	"22.674"	"23.044"	"23.611"	"24.223"	"24.845"	"25.478"	"26.121"	"26.776"	"27.439"	"28.114"	"28.798"	"29.493"	"30.196"	"30.904"	"31.617"	"32.333"	"33.053"	"33.776"	"34.5"	"35.227"
"Uganda"	"UGA"	"14.786"	"15.201"	"15.626"	"16.061"	"16.507"	"16.96"	"17.425"	"17.899"	"18.384"	"18.878"	"19.383"	"19.898"	"20.424"	"20.958"	"21.504"	"22.06"	"22.624"	"23.196"	"23.774"	"24.361"	"24.954"
"Ukraine"	"UKR"	"67.145"	"67.183"	"67.283"	"67.427"	"67.597"	"67.79"	"67.969"	"68.147"	"68.325"	"68.502"	"68.596"	"68.689"	"68.782"	"68.875"	"68.968"	"69.061"	"69.154"	"69.246"	"69.352"	"69.473"	"69.608"
"Upper middle income"	"UMC"	"49.4383854906151"	"50.3168929133984"	"51.2656823651223"	"52.2332723613241"	"53.2112277034286"	"54.1945862240846"	"55.1596307893539"	"56.1175408143853"	"57.0786494142912"	"58.0390384162348"	"59.0022887744386"	"59.9177286100877"	"60.80947113998"	"61.6937897140331"	"62.573152065976"	"63.4434570803909"	"64.3059297565337"	"65.1570907652577"	"65.9899781033965"	"66.80135992955"	"67.5887002309829"
"Uruguay"	"URY"	"92.028"	"92.303"	"92.569"	"92.828"	"93.078"	"93.319"	"93.553"	"93.779"	"93.998"	"94.209"	"94.414"	"94.612"	"94.739"	"94.843"	"94.945"	"95.045"	"95.144"	"95.24"	"95.334"	"95.426"	"95.515"
"United States"	"USA"	"79.057"	"79.234"	"79.409"	"79.583"	"79.757"	"79.928"	"80.099"	"80.269"	"80.438"	"80.606"	"80.772"	"80.944"	"81.119"	"81.299"	"81.483"	"81.671"	"81.862"	"82.058"	"82.256"	"82.459"	"82.664"
"Uzbekistan"	"UZB"	"46.126"	"46.606"	"47.088"	"47.571"	"48.054"	"48.537"	"49.021"	"49.505"	"49.989"	"50.472"	"50.956"	"51.15"	"51.05"	"50.95"	"50.85"	"50.75"	"50.65"	"50.55"	"50.478"	"50.433"	"50.416"
"St. Vincent and the Grenadines"	"VCT"	"45.186"	"45.548"	"45.914"	"46.283"	"46.656"	"47.032"	"47.412"	"47.794"	"48.18"	"48.569"	"48.961"	"49.356"	"49.754"	"50.154"	"50.558"	"50.964"	"51.373"	"51.784"	"52.198"	"52.614"	"53.032"
"Venezuela, RB"	"VEN"	"87.559"	"87.85"	"87.876"	"87.902"	"87.928"	"87.954"	"87.98"	"88.006"	"88.031"	"88.057"	"88.083"	"88.108"	"88.123"	"88.133"	"88.144"	"88.154"	"88.165"	"88.183"	"88.208"	"88.24"	"88.279"
"British Virgin Islands"	"VGB"	"41.774"	"42.048"	"42.328"	"42.615"	"42.909"	"43.21"	"43.517"	"43.831"	"44.152"	"44.479"	"44.814"	"45.154"	"45.502"	"45.856"	"46.216"	"46.583"	"46.957"	"47.337"	"47.723"	"48.116"	"48.515"
"Virgin Islands (U.S.)"	"VIR"	"92.586"	"92.814"	"93.036"	"93.251"	"93.461"	"93.664"	"93.861"	"94.053"	"94.239"	"94.419"	"94.594"	"94.761"	"94.919"	"95.07"	"95.213"	"95.35"	"95.48"	"95.603"	"95.721"	"95.832"	"95.939"
"Vietnam"	"VNM"	"24.374"	"24.937"	"25.511"	"26.092"	"26.683"	"27.281"	"27.888"	"28.504"	"29.128"	"29.762"	"30.417"	"31.08"	"31.752"	"32.429"	"33.115"	"33.809"	"34.51"	"35.213"	"35.919"	"36.628"	"37.34"
"Vanuatu"	"VUT"	"21.673"	"21.953"	"22.235"	"22.521"	"22.809"	"23.099"	"23.392"	"23.687"	"23.985"	"24.286"	"24.462"	"24.561"	"24.661"	"24.761"	"24.861"	"24.961"	"25.062"	"25.163"	"25.274"	"25.394"	"25.525"
"World"	"WLD"	"46.6893224847176"	"47.1375465853"	"47.6362246621421"	"48.1378575461523"	"48.6436616572438"	"49.1525977681402"	"49.6532926028682"	"50.1445260589223"	"50.6491842737847"	"51.1491288761937"	"51.6463019904521"	"52.1040627804828"	"52.5552466438571"	"53.0058435757164"	"53.4582864916776"	"53.9146799616315"	"54.3708331461515"	"54.8238312388057"	"55.2717100900205"	"55.7144326151077"	"56.15040059313"
"Samoa"	"WSM"	"21.977"	"22.068"	"21.941"	"21.698"	"21.457"	"21.218"	"20.981"	"20.75"	"20.524"	"20.3"	"20.078"	"19.857"	"19.624"	"19.385"	"19.149"	"18.914"	"18.681"	"18.452"	"18.243"	"18.056"	"17.889"
"Kosovo"	"XKX"																					
"Yemen, Rep."	"YEM"	"26.267"	"26.787"	"27.315"	"27.849"	"28.39"	"28.936"	"29.49"	"30.051"	"30.619"	"31.194"	"31.776"	"32.364"	"32.958"	"33.559"	"34.165"	"34.777"	"35.394"	"36.016"	"36.642"	"37.273"	"37.908"
"South Africa"	"ZAF"	"56.891"	"57.368"	"57.898"	"58.446"	"58.993"	"59.536"	"60.077"	"60.616"	"61.154"	"61.687"	"62.218"	"62.746"	"63.272"	"63.793"	"64.312"	"64.828"	"65.341"	"65.85"	"66.355"	"66.856"	"67.354"
"Zambia"	"ZMB"	"34.802"	"35.002"	"35.475"	"35.951"	"36.43"	"36.911"	"37.395"	"37.881"	"38.371"	"38.861"	"39.355"	"39.851"	"40.354"	"40.865"	"41.382"	"41.907"	"42.438"	"42.976"	"43.521"	"44.072"	"44.629"
"Zimbabwe"	"ZWE"	"33.758"	"34.17"	"34.585"	"34.479"	"34.294"	"34.11"	"33.926"	"33.743"	"33.56"	"33.378"	"33.196"	"33.015"	"32.834"	"32.654"	"32.504"	"32.385"	"32.296"	"32.237"	"32.209"	"32.21"	"32.242"
